IMG_ID,dice_artery,artery_voxels,both_correct,both_tolerable,left_intersects,right_intersects,left_dist_mm,right_dist_mm,ostia_left,ostia_right,error,status
516,0.6099451851228779,46713.0,False,True,True,False,0.0,2.335297257577716,"(113, 139, 171)","(137, 116, 196)",,ambos toleráveis
832,0.7146963325703944,45841.0,False,True,False,False,2.8125,0.8627773557674077,"(91, 156, 194)","(106, 127, 227)",,ambos toleráveis
575,,,False,False,False,False,53.79936201433446,28.370455071205072,"(37, 163, 228)","(92, 133, 232)",,nenhum correto
587,0.3254974475995633,164268.0,False,True,True,False,0.0,1.6500473478055107,"(107, 164, 203)","(120, 131, 237)",,ambos toleráveis
633,0.3854322371699053,98917.0,False,True,True,False,0.0,0.6875,"(96, 154, 177)","(111, 118, 209)",,ambos toleráveis
17,0.5048802462647346,33071.0,False,True,False,False,3.1386032049504125,0.9942461418708146,"(97, 163, 158)","(102, 125, 189)",,ambos toleráveis
411,0.4593252421779312,20956.0,False,True,False,False,5.436300211113397,1.252347648933419,"(102, 161, 155)","(110, 133, 172)",,ambos toleráveis
594,0.7138074742091959,29264.0,False,True,True,False,0.0,1.5337392076331784,"(92, 151, 163)","(110, 110, 197)",,ambos toleráveis
622,0.5579817086964484,62379.0,False,True,False,False,0.905980563395264,0.640625,"(96, 170, 209)","(125, 140, 231)",,ambos toleráveis
675,0.7027918781725888,37003.0,False,True,True,False,0.0,0.71484375,"(95, 169, 162)","(116, 129, 188)",,ambos toleráveis
557,0.7478812674821526,26141.0,False,True,False,False,0.5,1.6071738588279738,"(95, 149, 161)","(103, 111, 201)",,ambos toleráveis
915,0.7070793394156369,50399.0,False,True,True,False,0.0,1.2091216223590784,"(94, 158, 203)","(115, 125, 230)",,ambos toleráveis
38,0.3388644180293248,8007.0,False,True,False,False,1.1776031876562347,0.75390625,"(100, 158, 152)","(116, 121, 199)",,ambos toleráveis
621,0.3942822822822823,12794.0,False,True,False,True,0.734375,0.0,"(92, 179, 200)","(103, 131, 220)",,ambos toleráveis
470,0.3523390500134686,11202.0,False,True,True,False,0.0,1.8728584775559325,"(83, 153, 152)","(98, 132, 193)",,ambos toleráveis
872,0.6391425574911109,21531.0,False,True,True,False,0.0,1.1228821210672562,"(109, 182, 158)","(115, 138, 180)",,ambos toleráveis
148,0.7179034157832744,32403.0,False,True,False,False,1.0661844435078411,1.4617623841028764,"(90, 156, 149)","(108, 125, 174)",,ambos toleráveis
941,0.6807476126572923,31246.0,False,True,True,False,0.0,1.029961908617559,"(91, 153, 203)","(114, 124, 224)",,ambos toleráveis
837,,,False,False,True,False,0.0,7.829731972346758,"(95, 177, 193)","(134, 126, 177)",,um correto
802,0.6631987636171737,31229.0,False,True,False,False,1.5722352966795397,0.5,"(85, 147, 147)","(117, 118, 188)",,ambos toleráveis
885,0.7254347112860893,27197.0,False,True,True,False,0.0,1.2476601635818394,"(105, 156, 174)","(124, 125, 217)",,ambos toleráveis
753,0.6327950372956275,21585.0,False,True,False,False,1.4936235318455626,0.8343753657536651,"(96, 150, 143)","(108, 117, 162)",,ambos toleráveis
455,0.6137824841968772,41506.0,False,True,False,False,0.71875,1.4375,"(90, 155, 195)","(118, 130, 232)",,ambos toleráveis
920,0.6587874072048958,26775.0,False,True,True,False,0.0,1.6914964612201566,"(86, 172, 182)","(105, 134, 203)",,ambos toleráveis
9,0.514312383322962,29527.0,False,True,False,False,3.2597509970088208,3.3728291629580056,"(95, 165, 200)","(110, 141, 223)",,ambos toleráveis
152,0.6960041489052203,44177.0,False,True,False,False,0.8916609243998318,1.4457241812334485,"(106, 174, 189)","(118, 145, 228)",,ambos toleráveis
798,,,False,False,False,False,15.456562828541676,1.3654229684652663,"(123, 166, 189)","(121, 143, 207)",,nenhum correto
847,0.6994272898394008,29296.0,True,True,True,True,0.0,0.0,"(93, 159, 196)","(120, 129, 223)",,ambos corretos
667,0.7180344385418574,24570.0,False,True,False,False,1.6159084993650823,0.8787673501354397,"(92, 145, 175)","(107, 111, 201)",,ambos toleráveis
821,0.7580504625424075,29129.0,False,True,False,False,4.987508811082442,1.232890721536179,"(137, 166, 179)","(150, 140, 206)",,ambos toleráveis
677,,,False,False,False,True,25.450554274723075,0.0,"(48, 176, 186)","(99, 119, 190)",,um correto
671,0.3386826704686749,89719.0,False,True,False,False,0.63671875,1.739843048383334,"(86, 152, 180)","(114, 115, 217)",,ambos toleráveis
500,0.3775447591256801,29571.0,False,True,True,False,0.0,1.1327855600244912,"(100, 182, 203)","(120, 131, 226)",,ambos toleráveis
806,0.46876636022867674,66395.0,True,True,True,True,0.0,0.0,"(88, 174, 174)","(117, 136, 205)",,ambos corretos
791,,,False,False,False,False,27.594352741505936,5.051766024453261,"(41, 149, 210)","(108, 123, 184)",,nenhum correto
18,0.2880030885049706,94716.0,False,True,False,False,1.2734375,1.739843048383334,"(100, 145, 137)","(109, 104, 156)",,ambos toleráveis
864,,,False,False,False,False,57.799637108953874,42.3357180026373,"(36, 157, 258)","(81, 126, 251)",,nenhum correto
441,0.6335363616349894,32342.0,False,True,False,True,0.63671875,0.0,"(99, 167, 151)","(117, 127, 180)",,ambos toleráveis
990,,,False,False,False,False,13.0078125,21.20603289865476,"(172, 97, 250)","(124, 76, 264)",,nenhum correto
778,0.6503599236080505,32128.0,True,True,True,True,0.0,0.0,"(93, 161, 169)","(119, 132, 208)",,ambos corretos
54,0.41985004560927314,60790.0,False,True,True,False,0.0,0.8469358978335152,"(83, 202, 175)","(110, 161, 208)",,ambos toleráveis
420,0.7509680083980106,30492.0,True,True,True,True,0.0,0.0,"(98, 159, 187)","(124, 112, 208)",,ambos corretos
160,,,False,False,False,False,8.804227368467041,1.5089909983190133,"(83, 140, 184)","(104, 108, 200)",,nenhum correto
744,0.5398240974229658,39968.0,False,True,False,False,0.63671875,0.8095744354916121,"(104, 176, 141)","(127, 144, 169)",,ambos toleráveis
36,0.6488596522933459,29527.0,False,True,False,False,1.421875,0.8691559865215507,"(108, 164, 190)","(129, 124, 211)",,ambos toleráveis
138,0.397106825694538,71874.0,False,True,False,False,1.6171875,0.80859375,"(91, 135, 167)","(113, 109, 202)",,ambos toleráveis
161,0.7661002535951286,35953.0,False,True,True,False,0.0,0.8819824637747907,"(81, 174, 185)","(109, 140, 203)",,ambos toleráveis
900,,,False,False,True,False,0.0,41.99060135085756,"(89, 150, 150)","(89, 67, 140)",,um correto
599,0.729729242852768,28922.0,False,True,False,False,0.77734375,1.808678116282804,"(99, 148, 180)","(118, 118, 223)",,ambos toleráveis
679,0.5750492919878114,36237.0,False,True,True,False,0.0,0.8755578578826188,"(86, 124, 190)","(107, 87, 217)",,ambos toleráveis
964,0.5045612466730328,67741.0,False,True,True,False,0.0,1.2689962815154345,"(92, 171, 208)","(109, 142, 245)",,ambos toleráveis
4,0.6309089349862311,61885.0,True,True,True,True,0.0,0.0,"(89, 168, 156)","(113, 120, 193)",,ambos corretos
172,,,False,False,False,False,26.635284586611153,0.83984375,"(58, 153, 211)","(104, 113, 190)",,nenhum correto
427,0.659479416651283,16366.0,False,True,False,False,1.71875,1.7900004364524607,"(86, 179, 172)","(95, 145, 203)",,ambos toleráveis
426,0.6011334599077814,37644.0,False,True,False,False,0.9004562916672442,1.2734375,"(91, 175, 145)","(96, 134, 168)",,ambos toleráveis
123,0.698293665911415,26959.0,False,True,False,False,0.7734375,0.7734375,"(101, 166, 202)","(125, 133, 223)",,ambos toleráveis
682,0.6346895166919004,58927.0,False,True,False,False,1.029961908617559,0.5,"(84, 163, 137)","(101, 120, 178)",,ambos toleráveis
452,0.6033117639966239,30143.0,False,True,False,False,0.6796875,1.8193063206291704,"(106, 189, 191)","(125, 154, 222)",,ambos toleráveis
494,0.6841074611102554,26118.0,False,True,True,False,0.0,0.63671875,"(97, 165, 183)","(113, 117, 214)",,ambos toleráveis
930,,,False,False,False,False,25.083017678878,9.335711948112206,"(81, 168, 235)","(113, 144, 202)",,nenhum correto
936,0.6850997946888358,32448.0,False,True,True,False,0.0,0.72265625,"(88, 185, 129)","(99, 151, 158)",,ambos toleráveis
40,0.6171809012768917,61400.0,False,True,True,False,0.0,1.9600696847166716,"(102, 142, 165)","(115, 108, 192)",,ambos toleráveis
877,0.6670291768946338,37435.0,False,True,False,False,2.0390625,1.0834898224314338,"(116, 168, 222)","(124, 137, 242)",,ambos toleráveis
559,0.5840787716955941,27534.0,False,True,False,True,3.090117817333184,0.0,"(91, 147, 184)","(111, 113, 234)",,ambos toleráveis
404,0.1369484645548906,271994.0,False,True,False,False,0.69921875,0.8595969173697416,"(95, 156, 201)","(108, 118, 227)",,ambos toleráveis
704,,,False,False,False,False,0.9144296805249708,13.782986001770444,"(118, 149, 212)","(124, 132, 181)",,nenhum correto
103,0.7389629840952856,31712.0,False,True,True,False,0.0,1.345667690480501,"(107, 136, 133)","(125, 108, 170)",,ambos toleráveis
934,0.7289728250003845,35557.0,False,True,True,False,0.0,0.671875,"(86, 169, 219)","(111, 137, 246)",,ambos toleráveis
959,0.35907892112320206,20940.0,False,True,True,False,0.0,1.8027756377319946,"(93, 182, 165)","(103, 142, 213)",,ambos toleráveis
164,0.6840101269860256,28351.0,False,True,False,False,1.3671875,0.8469358978335152,"(99, 163, 202)","(117, 121, 220)",,ambos toleráveis
782,0.6673127903993615,40863.0,False,True,False,False,0.69140625,1.0982191061341653,"(88, 179, 177)","(99, 144, 199)",,ambos toleráveis
548,0.6970569772164986,30901.0,False,True,False,False,1.2734375,1.967649121771016,"(111, 142, 199)","(131, 108, 213)",,ambos toleráveis
409,0.6113997246443322,25772.0,False,True,False,False,1.703254904736168,0.76171875,"(94, 152, 184)","(122, 117, 221)",,ambos toleráveis
541,0.6145671116605842,54750.0,True,True,True,True,0.0,0.0,"(95, 177, 176)","(114, 144, 214)",,ambos corretos
49,0.6226865447819947,49424.0,False,True,True,False,0.0,0.63671875,"(120, 174, 192)","(134, 126, 208)",,ambos toleráveis
477,0.7508546947923908,39789.0,True,True,True,True,0.0,0.0,"(97, 173, 185)","(111, 118, 221)",,ambos corretos
684,0.4855653392911903,17536.0,False,True,False,False,1.624643139902191,2.9582152723654596,"(102, 144, 166)","(111, 121, 206)",,ambos toleráveis
620,0.7479792458930579,36921.0,False,True,True,False,0.0,1.4851354959754515,"(96, 165, 173)","(114, 121, 196)",,ambos toleráveis
37,0.38740256576810655,76431.0,False,True,False,False,0.7265625,1.1427099950610828,"(95, 179, 175)","(111, 147, 212)",,ambos toleráveis
616,0.6774678572524472,37822.0,True,True,True,True,0.0,0.0,"(95, 153, 172)","(115, 106, 215)",,ambos corretos
642,0.7521706304265761,35458.0,False,True,False,False,0.7109375,1.5897045777537568,"(96, 188, 180)","(105, 140, 213)",,ambos toleráveis
749,0.7726064000616626,40936.0,False,True,False,False,0.6953125,1.8485933471916558,"(89, 151, 182)","(110, 125, 220)",,ambos toleráveis
953,0.19475928986511704,325847.0,False,True,True,False,0.0,2.4550058722959935,"(90, 150, 149)","(109, 104, 185)",,ambos toleráveis
662,0.5068929327427646,38109.0,False,True,False,False,1.91015625,1.739843048383334,"(105, 170, 191)","(116, 138, 215)",,ambos toleráveis
135,0.5365323252647196,68004.0,False,True,False,False,1.0933034802834938,1.4630874888399532,"(104, 158, 195)","(125, 129, 226)",,ambos toleráveis
724,,,False,False,False,False,57.02791300168826,59.3451965702114,"(43, 109, 267)","(56, 75, 264)",,nenhum correto
196,0.36729580619737007,93549.0,False,True,True,False,0.0,0.8095744354916121,"(95, 157, 175)","(116, 119, 212)",,ambos toleráveis
589,0.48019993017144746,22689.0,False,True,True,False,0.0,1.0785919505091464,"(92, 173, 195)","(113, 129, 208)",,ambos toleráveis
149,,,False,False,False,False,26.14537604389278,1.42984758325079,"(58, 183, 220)","(107, 147, 174)",,nenhum correto
511,0.7467864060574044,42820.0,False,True,True,False,0.0,0.765625,"(104, 156, 206)","(113, 107, 224)",,ambos toleráveis
71,0.4332803266780533,20164.0,False,True,False,False,1.46875,1.8244487609275302,"(101, 193, 164)","(104, 163, 214)",,ambos toleráveis
841,,,False,False,True,False,0.0,20.56969569491599,"(84, 174, 193)","(96, 145, 166)",,um correto
483,0.38960945294563115,63657.0,False,True,True,False,0.0,1.029961908617559,"(114, 169, 185)","(131, 132, 216)",,ambos toleráveis
47,0.6275726243229935,32750.0,False,True,True,False,0.0,1.0834898224314338,"(103, 155, 196)","(123, 122, 231)",,ambos toleráveis
812,,,False,False,False,False,15.037096056503064,1.0213779372127636,"(94, 171, 209)","(98, 130, 204)",,nenhum correto
578,0.4750805851723283,10974.0,True,True,True,True,0.0,0.0,"(90, 195, 185)","(111, 160, 234)",,ambos corretos
12,0.6063425982612954,32019.0,False,True,True,False,0.0,2.655609412646947,"(103, 158, 156)","(114, 131, 196)",,ambos toleráveis
981,0.7053373482015817,16859.0,False,True,True,False,0.0,1.666701252896346,"(85, 140, 160)","(108, 103, 197)",,ambos toleráveis
595,0.6052807283763277,17725.0,False,True,False,True,0.69140625,0.0,"(93, 160, 236)","(116, 123, 250)",,ambos toleráveis
6,0.530410577592206,13463.0,False,True,False,False,1.5809699372166481,1.1179384495369702,"(83, 145, 140)","(106, 120, 190)",,ambos toleráveis
144,0.4950377881175869,51535.0,False,True,True,False,0.0,1.4102374024432907,"(98, 147, 131)","(116, 106, 162)",,ambos toleráveis
577,0.42922617342554326,21205.0,False,True,True,False,0.0,1.4237464075486943,"(90, 143, 198)","(117, 111, 213)",,ambos toleráveis
939,,,False,False,True,False,0.0,29.441679639585782,"(93, 182, 145)","(90, 138, 135)",,um correto
845,0.6858395989974937,35193.0,False,True,False,False,1.0440873565957616,0.73828125,"(92, 184, 205)","(119, 152, 242)",,ambos toleráveis
73,,,False,False,False,True,17.483077232053663,0.0,"(70, 143, 184)","(122, 126, 194)",,um correto
58,0.625428245146555,33229.0,False,True,True,False,0.0,1.4102374024432907,"(100, 175, 131)","(113, 139, 173)",,ambos toleráveis
535,0.1666497437514362,335917.0,False,True,True,False,0.0,1.1855002178833889,"(100, 158, 159)","(142, 134, 186)",,ambos toleráveis
114,,,False,False,False,True,11.20013362259855,0.0,"(110, 177, 194)","(115, 150, 205)",,um correto
804,0.6328787247136363,23994.0,False,True,False,False,1.1377451873456221,0.8787673501354397,"(99, 164, 162)","(115, 129, 185)",,ambos toleráveis
952,0.6790140845070423,33057.0,False,True,False,False,1.5916662618959454,1.0785919505091464,"(90, 159, 157)","(103, 118, 198)",,ambos toleráveis
173,0.597965534183757,34563.0,False,True,False,False,0.63671875,1.1855002178833889,"(99, 162, 200)","(121, 122, 237)",,ambos toleráveis
153,0.6648804207601469,26488.0,False,True,False,True,1.0661844435078411,0.0,"(96, 147, 175)","(110, 110, 211)",,ambos toleráveis
695,0.6689757088759583,25356.0,False,True,False,False,1.2734375,1.1855002178833889,"(96, 146, 163)","(108, 116, 187)",,ambos toleráveis
540,0.426855263810169,26272.0,False,True,False,False,2.002516117483515,0.8671875,"(92, 172, 146)","(101, 139, 187)",,ambos toleráveis
681,0.4060053605073906,114050.0,False,True,False,True,0.63671875,0.0,"(98, 157, 135)","(127, 113, 169)",,ambos toleráveis
442,0.6736974328108235,41667.0,False,True,True,False,0.0,1.492494242032444,"(93, 176, 174)","(111, 130, 215)",,ambos toleráveis
773,0.6154369262155729,37538.0,False,True,False,True,0.67578125,0.0,"(95, 155, 217)","(126, 123, 244)",,ambos toleráveis
729,0.5636817374491333,30513.0,False,True,False,False,1.5372967345311055,0.8500919067959652,"(105, 154, 149)","(111, 122, 181)",,ambos toleráveis
48,0.5712356050529623,92933.0,False,True,False,False,0.671875,1.0737001589130926,"(119, 176, 176)","(134, 143, 196)",,ambos toleráveis
660,0.5119773395085343,85855.0,False,True,True,False,0.0,2.508676350438613,"(92, 161, 155)","(105, 126, 194)",,ambos toleráveis
7,0.34798205063993665,112804.0,False,True,False,False,0.6875,1.0933034802834938,"(94, 151, 132)","(114, 107, 173)",,ambos toleráveis
566,0.7475837094840997,45242.0,False,True,True,False,0.0,0.8564224849081498,"(83, 183, 161)","(99, 142, 196)",,ambos toleráveis
574,0.06317837326509348,429889.0,False,True,False,False,0.63671875,1.345667690480501,"(102, 133, 205)","(125, 104, 231)",,ambos toleráveis
678,0.6676794113878873,30157.0,False,True,True,False,0.0,3.5764060076619693,"(101, 150, 180)","(102, 102, 192)",,ambos toleráveis
722,0.5971482685916449,52972.0,False,True,False,False,0.6875,1.4630874888399532,"(110, 158, 159)","(111, 119, 184)",,ambos toleráveis
437,0.39672898424969105,85623.0,False,True,False,False,0.69140625,0.8532541254157887,"(106, 166, 188)","(119, 132, 215)",,ambos toleráveis
888,0.7159787057596105,22260.0,False,True,False,False,0.7734375,0.7734375,"(97, 155, 201)","(116, 123, 221)",,ambos toleráveis
605,0.7212370209905132,39282.0,False,True,False,False,1.4296875,0.5,"(93, 166, 149)","(104, 131, 183)",,ambos toleráveis
425,0.6610362525699242,34529.0,False,True,True,False,0.0,0.8852031375489823,"(95, 180, 177)","(106, 141, 202)",,ambos toleráveis
501,,,False,False,False,False,1.7447080981230785,30.937129347921715,"(116, 153, 234)","(105, 131, 196)",,nenhum correto
745,0.4084092452928779,18101.0,False,True,True,False,0.0,0.80078125,"(101, 177, 178)","(119, 141, 216)",,ambos toleráveis
918,0.4069665764811176,74273.0,False,True,False,False,2.0134814789353355,0.63671875,"(98, 158, 193)","(119, 110, 212)",,ambos toleráveis
165,0.737839333322155,29081.0,False,True,True,False,0.0,0.940749576468148,"(90, 147, 187)","(105, 116, 224)",,ambos toleráveis
858,0.4757353721992142,14303.0,False,True,False,False,2.4238399287081647,4.5,"(99, 152, 176)","(116, 131, 197)",,ambos toleráveis
643,0.6194383188480996,38769.0,True,True,True,True,0.0,0.0,"(118, 161, 161)","(135, 124, 195)",,ambos corretos
192,0.6378120687492159,22798.0,True,True,True,True,0.0,0.0,"(92, 172, 151)","(115, 129, 178)",,ambos corretos
200,,,False,False,False,False,1.3680800657879093,27.209699315067894,"(114, 99, 231)","(118, 49, 205)",,nenhum correto
549,0.6683986404656795,26739.0,False,True,False,False,1.2734375,1.029961908617559,"(104, 168, 195)","(125, 139, 216)",,ambos toleráveis
181,0.7037012067686914,45129.0,False,True,False,False,1.53125,0.765625,"(96, 173, 185)","(114, 139, 220)",,ambos toleráveis
649,0.7210621700417619,27870.0,False,True,True,False,0.0,0.7421875,"(89, 147, 190)","(101, 103, 214)",,ambos toleráveis
179,,,False,False,False,False,10.907856732693942,1.167609424241739,"(80, 162, 194)","(111, 136, 221)",,nenhum correto
754,0.729884456527422,41043.0,True,True,True,True,0.0,0.0,"(88, 164, 210)","(126, 127, 227)",,ambos corretos
94,0.6744706408837177,22559.0,False,True,False,False,1.6914964612201566,1.6914964612201566,"(92, 165, 176)","(112, 136, 217)",,ambos toleráveis
948,0.6476187323080997,28931.0,False,True,True,False,0.0,0.9144296805249708,"(95, 173, 175)","(105, 125, 209)",,ambos toleráveis
797,,,False,False,False,False,20.614474853518054,1.029961908617559,"(90, 156, 241)","(134, 124, 214)",,nenhum correto
726,0.3307245834113462,84412.0,False,True,False,False,1.2734375,0.5,"(112, 153, 121)","(122, 124, 150)",,ambos toleráveis
723,0.33034188743095066,40950.0,False,True,True,False,0.0,1.0883936925938724,"(79, 179, 150)","(104, 152, 187)",,ambos toleráveis
108,0.6181562726613488,20809.0,False,True,False,False,2.4515103414225203,0.8981402361485997,"(98, 197, 154)","(99, 159, 204)",,ambos toleráveis
669,0.7038484078921664,30488.0,False,True,False,False,0.78125,0.78125,"(82, 125, 160)","(103, 92, 184)",,ambos toleráveis
137,0.35218635870101667,10586.0,False,True,True,False,0.0,0.9209807633204127,"(92, 177, 166)","(103, 138, 199)",,ambos toleráveis
136,0.7414077158940094,52028.0,False,True,True,False,0.0,2.295722101174337,"(93, 168, 174)","(113, 121, 195)",,ambos toleráveis
429,0.746069360588514,27349.0,False,True,False,False,2.19140625,1.7704062750979646,"(98, 184, 192)","(115, 157, 221)",,ambos toleráveis
911,0.6875731159666403,29535.0,False,True,False,False,0.7265625,1.1427099950610828,"(86, 177, 205)","(110, 140, 237)",,ambos toleráveis
830,0.6650598537800273,30303.0,False,True,False,False,1.4453125,0.8787673501354397,"(97, 174, 187)","(112, 142, 215)",,ambos toleráveis
65,0.685947631761987,26029.0,False,True,False,False,2.0625,0.6875,"(99, 150, 147)","(114, 112, 164)",,ambos toleráveis
439,,,False,False,False,False,29.292685377513216,1.029961908617559,"(85, 166, 202)","(132, 136, 155)",,nenhum correto
756,0.4053257292325504,68892.0,False,True,False,False,1.2734375,0.8095744354916121,"(97, 125, 156)","(110, 91, 182)",,ambos toleráveis
764,0.5335401760273539,105191.0,False,True,False,False,0.63671875,0.8095744354916121,"(99, 184, 117)","(113, 134, 153)",,ambos toleráveis
438,0.4364211393565705,51745.0,False,True,False,False,1.1427099950610828,0.7265625,"(114, 162, 163)","(129, 122, 185)",,ambos toleráveis
878,0.2517425093123457,170326.0,False,True,True,False,0.0,0.63671875,"(94, 171, 164)","(131, 140, 210)",,ambos toleráveis
969,0.6943464966495349,44427.0,False,True,True,False,0.0,0.6796875,"(93, 180, 176)","(109, 130, 209)",,ambos toleráveis
51,0.5017593340544093,48334.0,False,True,False,False,2.45064813254193,6.465243803709668,"(106, 149, 175)","(125, 121, 190)",,ambos toleráveis
968,0.4308229375224601,18465.0,False,True,True,False,0.0,0.71875,"(98, 162, 208)","(119, 120, 234)",,ambos toleráveis
768,0.638771052584075,27807.0,False,True,False,False,1.390625,2.045443201515261,"(95, 159, 172)","(110, 127, 214)",,ambos toleráveis
111,0.5063917154974747,38960.0,False,True,False,False,0.6640625,1.0639351520710743,"(112, 147, 179)","(128, 114, 210)",,ambos toleráveis
1000,0.6126426148627814,39148.0,False,True,False,False,0.66796875,0.66796875,"(89, 164, 167)","(122, 129, 206)",,ambos toleráveis
580,0.6222556207729959,29274.0,False,True,False,False,1.3828125,0.69140625,"(88, 162, 155)","(106, 124, 185)",,ambos toleráveis
509,,,False,False,True,False,0.0,21.024058774729518,"(114, 182, 175)","(106, 138, 144)",,um correto
800,,,False,False,False,True,11.932985740444034,0.0,"(106, 160, 176)","(105, 139, 196)",,um correto
68,0.6341124401038809,30571.0,False,True,False,True,1.4237464075486943,0.0,"(96, 169, 148)","(116, 132, 173)",,ambos toleráveis
583,0.6788304434811604,57158.0,False,True,False,False,1.127831181439902,1.229228045121841,"(94, 153, 182)","(117, 131, 222)",,ambos toleráveis
709,0.7152222488966039,27919.0,False,True,False,False,0.74609375,0.5,"(95, 168, 181)","(121, 142, 215)",,ambos toleráveis
654,0.6603318173734088,22156.0,False,True,False,False,2.072065884871907,0.8691559865215507,"(104, 160, 153)","(100, 126, 185)",,ambos toleráveis
853,0.7483792817245788,25073.0,False,True,True,False,0.0,0.9013878188659973,"(96, 148, 193)","(112, 117, 213)",,ambos toleráveis
921,0.7020151792724417,34103.0,False,True,False,False,1.0661844435078411,0.75390625,"(102, 170, 145)","(104, 137, 182)",,ambos toleráveis
570,0.7487772688455865,42539.0,False,True,False,False,0.63671875,1.5089909983190133,"(95, 188, 198)","(112, 149, 226)",,ambos toleráveis
690,0.6832482226894964,24012.0,False,True,False,True,1.546031375068214,0.0,"(95, 169, 151)","(122, 143, 191)",,ambos toleráveis
106,0.6050071954194266,60254.0,False,True,False,False,0.63671875,1.029961908617559,"(82, 162, 154)","(117, 130, 182)",,ambos toleráveis
502,0.653178905052968,35945.0,False,True,False,False,0.63671875,1.91015625,"(113, 174, 155)","(121, 139, 173)",,ambos toleráveis
118,0.7572779936936276,44277.0,False,True,False,False,2.984988484064888,1.113000238656758,"(93, 173, 165)","(112, 142, 190)",,ambos toleráveis
478,0.7001970297239465,26830.0,False,True,False,False,0.69921875,1.7191938347394833,"(110, 171, 210)","(120, 144, 236)",,ambos toleráveis
771,0.7536696975099543,27112.0,True,True,True,True,0.0,0.0,"(99, 181, 168)","(125, 131, 198)",,ambos corretos
90,0.6299891449565799,57500.0,False,True,True,False,0.0,0.5,"(85, 158, 155)","(113, 120, 186)",,ambos toleráveis
985,0.4564450199304339,18323.0,False,True,False,False,5.09989324719768,0.9740592917816913,"(101, 175, 208)","(107, 141, 237)",,ambos toleráveis
842,0.5814253233117551,41594.0,False,True,False,False,1.5635006561424312,1.1080675614343762,"(96, 149, 211)","(118, 114, 232)",,ambos toleráveis
585,0.5191869851388832,22828.0,False,True,True,False,0.0,0.8281342128025279,"(97, 131, 142)","(110, 92, 168)",,ambos toleráveis
883,0.5071961499462748,40073.0,True,True,True,True,0.0,0.0,"(113, 167, 192)","(136, 137, 220)",,ambos corretos
461,0.714441350926038,51768.0,True,True,True,True,0.0,0.0,"(89, 163, 171)","(105, 112, 211)",,ambos corretos
492,0.5916927055274216,23125.0,False,True,False,False,0.63671875,0.9004562916672442,"(92, 153, 180)","(121, 120, 206)",,ambos toleráveis
182,,,False,False,False,False,44.001875403924544,55.04700805405435,"(72, 159, 264)","(47, 143, 264)",,nenhum correto
757,0.7361609041745154,38574.0,False,True,False,False,1.1327855600244912,1.1327855600244912,"(87, 163, 197)","(110, 126, 234)",,ambos toleráveis
604,0.6379465768373108,20008.0,False,True,False,False,1.609375,1.8947527254565435,"(97, 187, 164)","(108, 157, 212)",,ambos toleráveis
769,0.6652933331887719,54569.0,False,True,False,False,0.63671875,0.8095744354916121,"(102, 149, 122)","(119, 113, 143)",,ambos toleráveis
534,0.6041944674865655,72940.0,False,True,True,False,0.0,0.8437861682062879,"(92, 161, 237)","(114, 120, 248)",,ambos toleráveis
444,0.5568137538523303,53466.0,False,True,True,False,0.0,1.8266094479103387,"(95, 168, 228)","(120, 128, 258)",,ambos toleráveis
863,0.4656413815324749,55696.0,False,True,False,True,1.5293554925707267,0.0,"(99, 159, 184)","(118, 122, 226)",,ambos toleráveis
635,0.6906867174390087,37016.0,False,True,False,False,0.71484375,1.127831181439902,"(86, 167, 193)","(110, 142, 224)",,ambos toleráveis
416,0.6635650918093666,56359.0,True,True,True,True,0.0,0.0,"(104, 177, 142)","(133, 134, 168)",,ambos corretos
166,0.6348594447091437,25605.0,False,True,False,False,2.4556863618574134,1.5025308239610677,"(118, 176, 163)","(132, 146, 213)",,ambos toleráveis
687,0.7015566861568836,40632.0,False,True,False,True,0.69921875,0.0,"(94, 164, 179)","(110, 129, 205)",,ambos toleráveis
904,,,False,False,False,False,0.69140625,42.917984215718064,"(78, 139, 151)","(15, 95, 166)",,nenhum correto
528,0.6960462367003809,26609.0,True,True,True,True,0.0,0.0,"(89, 170, 148)","(101, 124, 172)",,ambos corretos
16,0.575716611877477,40465.0,False,True,False,False,1.5625,0.78125,"(85, 159, 185)","(108, 132, 218)",,ambos toleráveis
741,,,False,False,False,False,28.68136896843176,46.07145713560247,"(61, 163, 240)","(61, 131, 246)",,nenhum correto
448,0.6456449724775213,49283.0,False,True,True,False,0.0,0.75,"(109, 161, 159)","(126, 133, 208)",,ambos toleráveis
522,,,False,False,False,False,45.954931322880086,32.595268879773435,"(66, 151, 260)","(76, 112, 261)",,nenhum correto
491,0.6142866983536543,44067.0,False,True,False,False,1.0883936925938724,2.381806908712506,"(100, 196, 167)","(113, 162, 206)",,ambos toleráveis
178,0.5478908823435351,36208.0,False,True,True,False,0.0,1.2734375,"(95, 166, 139)","(107, 129, 180)",,ambos toleráveis
965,0.2002678195661323,103022.0,False,True,False,False,1.625675941147251,5.5605081142177335,"(107, 153, 175)","(118, 127, 200)",,ambos toleráveis
23,,,False,False,False,False,61.663795005675354,64.79835631087273,"(44, 119, 271)","(40, 116, 272)",,nenhum correto
30,0.6921030095424516,30008.0,False,True,True,False,0.0,1.863309911991293,"(95, 152, 167)","(122, 129, 217)",,ambos toleráveis
873,0.7929835552075176,33151.0,False,True,False,False,2.678081242349642,1.2734135350505742,"(95, 152, 174)","(113, 126, 209)",,ambos toleráveis
539,0.5805306853328992,37817.0,False,True,True,False,0.0,1.4777814082688279,"(102, 164, 117)","(109, 128, 152)",,ambos toleráveis
493,0.44084707390860095,18655.0,False,True,False,False,0.63671875,0.8095744354916121,"(102, 179, 197)","(121, 138, 229)",,ambos toleráveis
1,0.7079568074124962,29810.0,False,True,True,False,0.0,1.7583723066931283,"(100, 183, 130)","(112, 144, 166)",,ambos toleráveis
991,0.6663788598304969,22015.0,False,True,False,False,0.76171875,3.562846919785935,"(85, 175, 149)","(101, 140, 169)",,ambos toleráveis
820,0.7259845184213866,25333.0,False,True,True,False,0.0,0.8852031375489823,"(97, 167, 178)","(117, 137, 217)",,ambos toleráveis
994,0.47649036211225054,67267.0,False,True,False,False,1.716546883462552,1.5515239484133012,"(87, 143, 140)","(100, 112, 185)",,ambos toleráveis
698,0.7367426798002968,26177.0,False,True,False,False,3.0762233378631763,1.167609424241739,"(94, 174, 155)","(97, 139, 171)",,ambos toleráveis
529,0.7704342061650646,33805.0,False,True,False,True,2.099223256647563,0.0,"(87, 136, 184)","(111, 95, 222)",,ambos toleráveis
840,0.6516366348549828,30540.0,False,True,False,False,1.1427099950610828,2.114980976569293,"(99, 166, 151)","(113, 136, 179)",,ambos toleráveis
22,0.678428355397554,41626.0,False,True,True,False,0.0,1.4557478010137093,"(96, 174, 195)","(109, 130, 223)",,ambos toleráveis
484,,,False,False,False,False,33.631085720770486,28.15470328194796,"(79, 157, 256)","(137, 99, 264)",,nenhum correto
96,0.602979786796571,34245.0,False,True,True,False,0.0,0.63671875,"(95, 145, 197)","(116, 103, 215)",,ambos toleráveis
657,,,False,False,False,False,,,,,Nenhuma superfície de aorta encontrada!,erro
67,0.5545134818288394,40712.0,False,True,False,True,0.73828125,0.0,"(97, 177, 172)","(105, 141, 187)",,ambos toleráveis
525,0.6896364961983127,25857.0,False,True,False,False,0.9013878188659973,1.0606601717798212,"(112, 150, 196)","(125, 114, 224)",,ambos toleráveis
565,0.5253511260149063,58881.0,False,True,False,False,1.029961908617559,4.949089259355737,"(105, 136, 151)","(126, 99, 190)",,ambos toleráveis
775,0.45697117529821224,12411.0,False,True,True,False,0.0,0.8659637339268674,"(88, 161, 157)","(109, 122, 192)",,ambos toleráveis
408,0.619927194283403,52206.0,False,True,False,False,0.6640625,0.8312514685137404,"(87, 159, 202)","(104, 121, 234)",,ambos toleráveis
862,0.6784192990595083,37714.0,False,True,False,True,0.796875,0.0,"(85, 127, 192)","(98, 85, 225)",,ambos toleráveis
940,0.6199450502275264,28441.0,True,True,True,True,0.0,0.0,"(91, 144, 160)","(104, 103, 178)",,ambos corretos
932,,,False,False,False,False,10.11993658355022,4.047872177458061,"(68, 149, 181)","(103, 118, 180)",,nenhum correto
805,0.5811168015859904,28424.0,False,True,True,False,0.0,1.0785919505091464,"(103, 160, 188)","(112, 123, 205)",,ambos toleráveis
610,,,False,False,False,False,11.2322620850767,6.1336484302905925,"(82, 138, 187)","(125, 114, 170)",,nenhum correto
52,0.5258827303780029,24963.0,False,True,False,False,4.494259033234789,0.7265625,"(102, 150, 176)","(116, 116, 197)",,ambos toleráveis
79,,,False,False,True,False,0.0,21.47747652031458,"(95, 151, 114)","(100, 117, 103)",,um correto
555,0.0,0.0,False,True,True,False,0.0,0.5,"(83, 176, 178)","(120, 143, 228)",,ambos toleráveis
558,0.7323789716575835,34328.0,False,True,True,False,0.0,0.74609375,"(96, 163, 174)","(122, 133, 214)",,ambos toleráveis
685,0.29997456405618517,7480.0,False,True,True,False,0.0,1.739843048383334,"(93, 171, 163)","(118, 129, 203)",,ambos toleráveis
14,0.6795166924354349,47903.0,False,True,True,False,0.0,0.63671875,"(104, 138, 210)","(122, 95, 248)",,ambos toleráveis
593,,,False,False,False,False,43.01331797328926,49.50524643346881,"(105, 120, 271)","(82, 106, 271)",,nenhum correto
612,0.6777543477767952,49362.0,False,True,False,False,0.6953125,1.7128449698162995,"(88, 161, 157)","(108, 132, 196)",,ambos toleráveis
75,,,False,False,True,False,0.0,8.830046804094529,"(97, 153, 146)","(113, 109, 194)",,um correto
513,0.6233861730559838,44083.0,False,True,True,False,0.0,1.1776031876562347,"(97, 155, 163)","(124, 117, 210)",,ambos toleráveis
454,0.6029757495732827,33441.0,False,True,False,False,1.021990269683682,0.8787673501354397,"(97, 174, 177)","(103, 137, 211)",,ambos toleráveis
999,0.4207799442896936,15298.0,False,True,False,True,5.500036066110442,0.0,"(93, 142, 141)","(123, 112, 167)",,ambos toleráveis
884,,,False,False,True,False,0.0,46.11498352295342,"(128, 123, 182)","(64, 72, 139)",,um correto
195,0.6800880267340451,28278.0,False,True,False,False,1.4237464075486943,1.739843048383334,"(98, 158, 149)","(102, 129, 161)",,ambos toleráveis
151,0.7282690328502684,40023.0,False,True,False,True,0.82421875,0.0,"(94, 176, 129)","(96, 140, 176)",,ambos toleráveis
818,0.0,0.0,True,True,True,True,0.0,0.0,"(81, 145, 185)","(92, 100, 205)",,ambos corretos
674,0.25735966355823736,129132.0,False,True,False,False,0.9004562916672442,0.8095744354916121,"(84, 135, 194)","(106, 105, 221)",,ambos toleráveis
189,0.21643190487352698,149930.0,False,True,False,True,1.2734375,0.0,"(105, 139, 172)","(125, 108, 211)",,ambos toleráveis
708,0.6199429281539098,56693.0,False,True,False,False,0.9004562916672442,0.8095744354916121,"(90, 144, 139)","(112, 115, 173)",,ambos toleráveis
925,,,False,False,False,False,11.06128198847293,1.1576348337032387,"(121, 145, 181)","(110, 118, 206)",,nenhum correto
803,0.6215898659812741,33342.0,False,True,False,False,2.287128555908041,1.6554390703450852,"(94, 206, 198)","(108, 173, 226)",,ambos toleráveis
942,0.454451430282246,53075.0,False,True,True,False,0.0,1.658151362928853,"(96, 141, 181)","(110, 108, 216)",,ambos toleráveis
44,0.14570054369726046,459742.0,False,True,False,True,0.58984375,0.0,"(97, 131, 150)","(110, 91, 177)",,ambos toleráveis
552,0.5764201364683017,23304.0,False,True,False,False,1.1048543456039805,1.2689962815154345,"(85, 175, 187)","(103, 144, 233)",,ambos toleráveis
665,0.604487415269823,37094.0,False,True,False,False,0.5,0.8095744354916121,"(101, 179, 140)","(113, 149, 184)",,ambos toleráveis
735,0.5631951846510753,45749.0,False,True,False,False,1.6640625,1.9414180394511251,"(103, 166, 170)","(115, 133, 211)",,ambos toleráveis
972,0.5585026117237377,45874.0,False,True,True,False,0.0,0.8095744354916121,"(86, 153, 169)","(116, 115, 202)",,ambos toleráveis
412,0.7096928352110489,48328.0,False,True,False,False,0.6875,1.0933034802834938,"(104, 182, 201)","(131, 150, 230)",,ambos toleráveis
3,0.7180742786374184,41763.0,False,True,False,True,0.72265625,0.0,"(102, 166, 152)","(130, 144, 197)",,ambos toleráveis
85,,,False,False,True,False,0.0,15.395086797734063,"(108, 170, 198)","(111, 82, 199)",,um correto
906,0.645426365656802,38679.0,True,True,True,True,0.0,0.0,"(94, 156, 124)","(120, 110, 173)",,ambos corretos
445,0.6947426369391687,35497.0,False,True,False,False,2.2234764798058917,0.8627773557674077,"(107, 162, 187)","(118, 126, 209)",,ambos toleráveis
766,,,False,False,False,False,30.36157432203574,2.4831463156648663,"(57, 146, 236)","(118, 115, 217)",,nenhum correto
143,0.6992546119089418,38792.0,False,True,True,False,0.0,1.663310422771408,"(111, 161, 146)","(113, 123, 183)",,ambos toleráveis
717,0.7089201877934272,35426.0,False,True,False,False,0.7421875,0.8948979188467532,"(97, 155, 168)","(109, 118, 214)",,ambos toleráveis
99,0.39794059070299587,15619.0,False,True,False,False,0.7890625,0.9341411183040013,"(100, 130, 193)","(109, 97, 214)",,ambos toleráveis
715,0.39418619541554617,47558.0,False,True,False,False,1.5367407932455623,1.6998427374410994,"(95, 176, 134)","(106, 145, 176)",,ambos toleráveis
568,,,False,False,False,False,15.086191373770108,1.0883936925938724,"(56, 121, 183)","(90, 84, 167)",,nenhum correto
597,,,False,False,False,False,0.63671875,20.503395729736948,"(87, 141, 179)","(93, 113, 154)",,nenhum correto
944,0.6711255378576282,37817.0,False,True,False,False,0.75,1.6770509831248424,"(88, 162, 172)","(95, 125, 202)",,ambos toleráveis
406,0.5586334958572685,46574.0,False,True,True,False,0.0,1.2202077119702048,"(103, 168, 160)","(128, 135, 195)",,ambos toleráveis
611,0.6249705646870437,38186.0,False,True,True,False,0.0,0.8095744354916121,"(85, 163, 134)","(115, 129, 160)",,ambos toleráveis
405,0.6388471520284115,44045.0,False,True,True,False,0.0,0.7421875,"(97, 149, 188)","(109, 109, 230)",,ambos toleráveis
638,0.37228103711730576,118499.0,False,True,False,False,0.625,0.625,"(105, 136, 158)","(125, 102, 178)",,ambos toleráveis
515,,,False,False,False,False,1.75,26.83398032346301,"(95, 120, 202)","(61, 104, 218)",,nenhum correto
567,0.701580167311833,48758.0,False,True,True,False,0.0,2.8015411495282376,"(101, 171, 191)","(113, 132, 241)",,ambos toleráveis
115,0.6505277242998949,45588.0,False,True,False,False,0.63671875,0.8095744354916121,"(82, 149, 159)","(112, 113, 189)",,ambos toleráveis
433,0.34947561464840393,60772.0,False,True,True,False,0.0,0.63671875,"(105, 141, 185)","(131, 110, 206)",,ambos toleráveis
867,0.5779791673302965,72890.0,False,True,False,False,4.472794416534045,2.2754903746912443,"(103, 156, 180)","(111, 129, 212)",,ambos toleráveis
56,0.6276229497467045,42663.0,False,True,False,False,1.5372967345311055,2.3930237148845808,"(102, 169, 146)","(110, 130, 184)",,ambos toleráveis
63,0.3597246601906057,85779.0,False,True,False,False,1.6191488709832242,1.6191488709832242,"(97, 129, 147)","(117, 107, 181)",,ambos toleráveis
95,0.721138044371405,34781.0,False,True,True,False,0.0,0.68359375,"(96, 171, 190)","(116, 128, 222)",,ambos toleráveis
109,0.6402842392477868,28531.0,False,True,False,False,2.093516778055528,2.093516778055528,"(101, 154, 187)","(125, 125, 221)",,ambos toleráveis
645,,,False,False,True,False,0.0,28.395067554950373,"(92, 153, 168)","(84, 110, 144)",,um correto
646,,,False,False,False,False,12.956696205534033,1.0551359000518015,"(85, 175, 196)","(113, 144, 207)",,nenhum correto
553,,,False,False,False,False,23.585244288939332,1.8559456623936523,"(60, 155, 214)","(121, 121, 182)",,nenhum correto
598,0.7109293494136795,25192.0,False,True,False,False,1.515625,0.5,"(96, 162, 182)","(117, 130, 208)",,ambos toleráveis
120,,,False,False,False,False,60.8235232172759,54.840748727084915,"(27, 154, 263)","(43, 133, 268)",,nenhum correto
816,,,False,False,True,False,0.0,9.398129833129119,"(113, 173, 168)","(150, 139, 169)",,um correto
430,0.27432461178472667,138699.0,False,True,False,True,1.2734375,0.0,"(88, 149, 130)","(101, 112, 162)",,ambos toleráveis
132,,,False,False,False,False,65.68794600229178,50.429115629019314,"(20, 217, 258)","(63, 196, 264)",,nenhum correto
436,,,False,False,False,False,26.829148750123437,38.42150327697369,"(55, 131, 201)","(47, 111, 199)",,nenhum correto
5,0.7254344148854375,29679.0,False,True,False,False,1.390625,1.4777814082688279,"(104, 160, 145)","(119, 126, 177)",,ambos toleráveis
547,0.5644789713367265,47418.0,False,True,False,False,0.9722718241315028,0.5,"(86, 191, 232)","(116, 150, 252)",,ambos toleráveis
880,0.38927165354330706,8396.0,False,True,False,False,1.6770509831248424,1.1726039399558574,"(100, 149, 141)","(115, 112, 165)",,ambos toleráveis
653,0.4948323138578359,52281.0,False,True,True,False,0.0,0.6953125,"(104, 137, 162)","(121, 99, 180)",,ambos toleráveis
772,,,False,False,False,False,11.772670870237786,1.739843048383334,"(83, 153, 137)","(122, 132, 154)",,nenhum correto
523,0.7189826095664075,46008.0,True,True,True,True,0.0,0.0,"(99, 178, 161)","(125, 142, 185)",,ambos corretos
829,0.6528087862105307,43304.0,False,True,True,False,0.0,1.1776031876562347,"(98, 182, 158)","(110, 142, 190)",,ambos toleráveis
417,0.668007688525323,38227.0,False,True,False,False,0.69921875,1.2202077119702048,"(89, 194, 183)","(120, 174, 230)",,ambos toleráveis
31,0.6465816458081279,25566.0,False,True,False,False,1.3828125,0.69140625,"(90, 181, 174)","(109, 142, 216)",,ambos toleráveis
683,,,False,False,False,False,0.8095744354916121,23.286338710854494,"(79, 163, 163)","(141, 80, 129)",,nenhum correto
793,0.6287467432856899,26147.0,False,True,False,False,0.961223280675463,2.87326926505875,"(97, 148, 141)","(109, 116, 181)",,ambos toleráveis
586,0.5940680226274196,45991.0,True,True,True,True,0.0,0.0,"(92, 178, 147)","(121, 142, 172)",,ambos corretos
666,0.6655791190864601,23223.0,False,True,False,False,1.167609424241739,0.74609375,"(90, 154, 169)","(113, 129, 213)",,ambos toleráveis
537,0.704535353749127,24083.0,False,True,True,False,0.0,0.765625,"(96, 153, 214)","(113, 114, 230)",,ambos toleráveis
20,0.6834088213091771,34439.0,False,True,True,False,0.0,0.5,"(107, 154, 159)","(113, 119, 209)",,ambos toleráveis
728,0.40929603871896053,17071.0,False,True,False,True,0.63671875,0.0,"(95, 147, 229)","(124, 106, 253)",,ambos toleráveis
434,0.195110209415082,125452.0,False,True,False,False,0.71484375,1.127831181439902,"(95, 131, 146)","(113, 96, 181)",,ambos toleráveis
601,0.6179745493107105,60104.0,True,True,True,True,0.0,0.0,"(88, 167, 217)","(120, 126, 227)",,ambos corretos
712,,,False,False,True,False,0.0,23.248652265310355,"(93, 151, 152)","(90, 113, 133)",,um correto
15,0.4555744433848833,17025.0,False,True,False,False,1.7447080981230785,1.5145977511062962,"(85, 136, 154)","(96, 101, 184)",,ambos toleráveis
776,0.5370502150304756,35645.0,False,True,False,False,1.2734375,1.1855002178833889,"(97, 141, 146)","(117, 113, 171)",,ambos toleráveis
479,0.34360377222662153,22959.0,False,True,False,False,1.8009125833344883,0.8095744354916121,"(107, 153, 173)","(119, 113, 188)",,ambos toleráveis
530,0.7014354260725204,26773.0,False,True,False,False,0.63671875,0.63671875,"(98, 187, 222)","(124, 154, 250)",,ambos toleráveis
113,0.6977508110382648,37151.0,False,True,False,False,0.765625,1.2594370332116647,"(96, 175, 159)","(112, 145, 209)",,ambos toleráveis
32,,,False,False,False,False,9.676225956171281,1.739843048383334,"(96, 165, 172)","(135, 138, 208)",,nenhum correto
569,0.7667656520663202,25568.0,False,True,True,False,0.0,0.78515625,"(86, 169, 163)","(105, 132, 204)",,ambos toleráveis
508,0.29059106573899474,127061.0,False,True,False,False,2.3222976566861537,0.734375,"(104, 150, 166)","(116, 113, 186)",,ambos toleráveis
763,0.4473940083288998,82069.0,False,True,False,False,0.6953125,1.4777814082688279,"(100, 194, 174)","(112, 155, 198)",,ambos toleráveis
701,,,False,False,False,False,16.153214721076274,1.2734375,"(68, 138, 195)","(103, 109, 199)",,nenhum correto
817,0.09838796307907806,398768.0,False,True,False,True,3.9769845674832585,0.0,"(119, 175, 175)","(121, 156, 222)",,ambos toleráveis
70,,,False,False,False,False,67.60487695290469,65.45629088357629,"(13, 104, 268)","(32, 86, 261)",,nenhum correto
970,0.6267667956206225,22736.0,False,True,False,False,1.1377451873456221,0.8787673501354397,"(107, 142, 132)","(120, 116, 156)",,ambos toleráveis
45,0.5543497545685729,40267.0,False,True,False,False,5.3688930150480045,1.237942333351245,"(89, 162, 144)","(111, 135, 185)",,ambos toleráveis
21,0.42849799046639875,63751.0,False,True,True,False,0.0,0.69140625,"(116, 177, 201)","(118, 123, 224)",,ambos toleráveis
743,0.7280003544161732,38706.0,False,True,True,False,0.0,0.8095744354916121,"(85, 155, 162)","(120, 131, 202)",,ambos toleráveis
917,,,False,False,False,True,17.782257856020642,0.0,"(106, 168, 183)","(99, 139, 201)",,um correto
760,0.6908534197315485,49008.0,False,True,True,False,0.0,1.0541954870895625,"(88, 165, 197)","(107, 127, 225)",,ambos toleráveis
183,0.7497048198079126,31272.0,False,True,False,True,0.765625,0.0,"(104, 144, 164)","(118, 108, 194)",,ambos toleráveis
440,,,False,False,False,False,14.900090446453673,2.165965431395432,"(103, 150, 164)","(106, 132, 198)",,nenhum correto
55,,,False,False,False,False,2.203125,22.86872352417161,"(105, 142, 177)","(104, 118, 151)",,nenhum correto
833,0.3814503143043868,116557.0,False,True,False,False,2.3495403733114086,1.029961908617559,"(98, 145, 135)","(113, 107, 155)",,ambos toleráveis
801,,,False,False,False,False,28.962234636786057,24.471639606277535,"(57, 127, 189)","(75, 110, 194)",,nenhum correto
81,0.688808426596445,32022.0,False,True,False,True,0.69140625,0.0,"(108, 179, 205)","(124, 145, 237)",,ambos toleráveis
937,0.6422024475349349,35874.0,False,True,False,False,1.390625,2.206280984201695,"(106, 170, 210)","(115, 129, 227)",,ambos toleráveis
781,0.6567324233149393,25244.0,False,True,True,False,0.0,1.7128449698162995,"(106, 166, 169)","(126, 134, 196)",,ambos toleráveis
916,,,False,False,False,False,2.2790014603439817,11.832665079796056,"(106, 132, 227)","(126, 105, 213)",,nenhum correto
767,,,False,False,False,False,12.288221870088268,1.6191488709832242,"(80, 131, 160)","(112, 98, 166)",,nenhum correto
102,0.6896000608851174,31404.0,False,True,False,False,1.71875,0.9942461418708146,"(104, 160, 168)","(108, 127, 218)",,ambos toleráveis
986,0.5680094786729858,32335.0,False,True,False,False,0.83984375,0.83984375,"(100, 155, 159)","(106, 126, 201)",,ambos toleráveis
139,,,False,False,False,False,12.744302112243142,2.3852574546576726,"(71, 157, 194)","(100, 133, 210)",,nenhum correto
931,0.5891126025354213,10229.0,False,True,True,False,0.0,2.883140648667699,"(96, 155, 163)","(110, 124, 196)",,ambos toleráveis
42,0.7410401125215874,32974.0,False,True,False,False,0.961223280675463,1.986403982388779,"(98, 174, 218)","(114, 136, 244)",,ambos toleráveis
823,0.5443552097162161,49007.0,False,True,False,False,0.65625,0.8250236739027553,"(91, 159, 171)","(113, 123, 201)",,ambos toleráveis
432,0.7007776271670115,34289.0,False,True,False,False,1.4609375,1.5441302985519876,"(99, 148, 110)","(106, 115, 140)",,ambos toleráveis
112,0.39209315742329237,101751.0,False,True,True,False,0.0,0.6171875,"(100, 158, 195)","(111, 112, 225)",,ambos toleráveis
739,,,False,False,True,False,0.0,29.085965828954777,"(103, 168, 184)","(78, 137, 210)",,um correto
141,0.6994231660355048,35861.0,False,True,True,False,0.0,0.5,"(102, 174, 208)","(117, 133, 243)",,ambos toleráveis
976,0.5655027259306897,41105.0,False,True,True,False,0.0,1.2113217636280884,"(97, 177, 199)","(120, 147, 224)",,ambos toleráveis
960,,,False,False,False,False,13.779797259031064,0.8125,"(109, 141, 184)","(111, 116, 212)",,nenhum correto
710,0.5866552258016378,33086.0,False,True,False,False,1.8009125833344883,1.5089909983190133,"(107, 135, 172)","(124, 104, 202)",,ambos toleráveis
533,0.6531694234734214,41161.0,False,True,True,False,0.0,0.5,"(98, 183, 127)","(109, 155, 170)",,ambos toleráveis
761,0.5959511814563582,44324.0,False,True,False,False,1.3515625,2.1571839010182927,"(100, 174, 178)","(121, 134, 199)",,ambos toleráveis
481,,,False,False,False,True,9.029665903731312,0.0,"(105, 170, 176)","(115, 148, 210)",,um correto
121,0.5927833168985793,35417.0,False,True,False,False,0.72265625,1.1377451873456221,"(93, 154, 195)","(116, 122, 220)",,ambos toleráveis
846,0.714033346232145,33408.0,False,True,True,False,0.0,1.2025731790525525,"(101, 167, 197)","(129, 145, 229)",,ambos toleráveis
672,0.6046997247420304,44107.0,False,True,False,False,0.63671875,1.3680800657879093,"(86, 146, 199)","(110, 108, 222)",,ambos toleráveis
606,,,False,False,False,False,1.3671875,20.38808839885609,"(83, 159, 157)","(87, 123, 137)",,nenhum correto
485,0.6518081299075904,38203.0,False,True,True,False,0.0,2.464617783818112,"(103, 161, 182)","(119, 129, 211)",,ambos toleráveis
131,0.5770468981118942,53585.0,False,True,False,True,1.5625,0.0,"(103, 159, 179)","(116, 113, 215)",,ambos toleráveis
980,0.6947924823805794,38955.0,False,True,True,False,0.0,2.1920328315448,"(92, 184, 127)","(107, 162, 169)",,ambos toleráveis
615,0.6111214087117701,58031.0,False,True,False,True,1.9113980178948862,0.0,"(97, 163, 168)","(123, 126, 200)",,ambos toleráveis
700,0.4737798436509613,70402.0,True,True,True,True,0.0,0.0,"(111, 150, 173)","(121, 104, 177)",,ambos corretos
973,0.7517605633802817,36985.0,False,True,True,False,0.0,0.8723540490615392,"(92, 168, 170)","(108, 146, 190)",,ambos toleráveis
893,,,False,False,False,False,18.062231358837042,1.2480575728219132,"(113, 153, 206)","(116, 125, 238)",,nenhum correto
903,0.742755138142871,36795.0,True,True,True,True,0.0,0.0,"(92, 176, 131)","(119, 142, 170)",,ambos corretos
453,0.6475808018654058,47236.0,False,True,False,True,2.2816011341493416,0.0,"(100, 178, 137)","(116, 139, 169)",,ambos toleráveis
895,0.7133104195112764,36331.0,True,True,True,True,0.0,0.0,"(92, 152, 124)","(106, 113, 149)",,ambos corretos
902,0.43288444379889196,61544.0,False,True,False,False,1.4375,0.71875,"(100, 162, 196)","(98, 127, 219)",,ambos toleráveis
731,0.6565822102425876,55664.0,False,True,False,True,1.4296875,0.0,"(101, 150, 188)","(114, 106, 216)",,ambos toleráveis
975,0.7070872810035463,39945.0,False,True,False,True,1.9096289532937576,0.0,"(87, 127, 172)","(99, 89, 212)",,ambos toleráveis
881,0.676301861652911,28479.0,True,True,True,True,0.0,0.0,"(106, 167, 185)","(123, 132, 227)",,ambos corretos
974,,,False,False,False,False,25.688203305457158,0.8916609243998318,"(63, 189, 235)","(111, 135, 200)",,nenhum correto
424,0.603976824524658,37858.0,False,True,True,False,0.0,1.1476799159404703,"(96, 143, 155)","(105, 108, 205)",,ambos toleráveis
955,0.6547250091926249,59337.0,False,True,True,False,0.0,0.63671875,"(90, 167, 209)","(114, 123, 235)",,ambos toleráveis
415,0.6315098856281586,27097.0,False,True,False,True,0.734375,0.0,"(95, 149, 179)","(114, 107, 205)",,ambos toleráveis
780,0.3173300871816883,111249.0,False,True,False,False,1.5078125,3.368084639765604,"(94, 140, 144)","(102, 112, 178)",,ambos toleráveis
794,0.7073875068052169,47443.0,False,True,False,False,1.0882815304199207,1.9901989155943214,"(95, 170, 162)","(107, 135, 197)",,ambos toleráveis
887,0.5359224038114762,19988.0,True,True,True,True,0.0,0.0,"(104, 167, 183)","(128, 128, 208)",,ambos corretos
199,0.39812985973948045,56790.0,False,True,False,False,2.546875,1.3680800657879093,"(119, 164, 170)","(133, 129, 188)",,ambos toleráveis
482,0.593974175035868,14645.0,False,True,True,False,0.0,0.71484375,"(112, 159, 187)","(123, 125, 208)",,ambos toleráveis
992,0.7139539489081318,32183.0,False,True,False,False,0.63671875,1.5089909983190133,"(99, 158, 193)","(119, 118, 221)",,ambos toleráveis
191,,,False,False,True,False,0.0,11.580225539045268,"(95, 165, 220)","(162, 126, 219)",,um correto
658,0.6339275996430048,28811.0,False,True,True,False,0.0,1.5089909983190133,"(106, 190, 153)","(122, 150, 188)",,ambos toleráveis
656,0.6413359000213891,38714.0,False,True,True,False,0.0,1.2860108290908994,"(89, 159, 183)","(106, 124, 224)",,ambos toleráveis
25,0.7616508152173913,32600.0,False,True,False,False,1.2734135350505742,1.918060238398419,"(100, 159, 179)","(114, 135, 218)",,ambos toleráveis
146,0.7114153627311522,19323.0,False,True,True,False,0.0,2.2358768990739404,"(107, 209, 146)","(121, 174, 180)",,ambos toleráveis
414,0.7392505612156796,19642.0,False,True,False,False,0.7890625,2.028077450328574,"(96, 170, 181)","(104, 139, 210)",,ambos toleráveis
641,,,False,False,False,False,51.96445790984698,3.466138251697819,"(64, 194, 247)","(111, 156, 210)",,nenhum correto
957,,,False,False,False,False,12.059942577219028,1.8266094479103387,"(113, 149, 152)","(106, 109, 171)",,nenhum correto
465,0.6349322826104296,36204.0,False,True,True,False,0.0,1.59996108961476,"(102, 160, 188)","(117, 127, 232)",,ambos toleráveis
889,0.6532130373734054,40894.0,False,True,False,False,0.6484375,0.9170291068513038,"(97, 148, 209)","(115, 113, 236)",,ambos toleráveis
835,,,False,False,False,False,0.6796875,35.07423854444536,"(101, 159, 177)","(61, 119, 227)",,nenhum correto
105,,,False,False,False,False,27.546206409391985,8.017346648987997,"(118, 185, 232)","(121, 153, 225)",,nenhum correto
865,0.16451694946045126,7313.0,False,True,False,False,1.9445436482630056,2.2308210371968435,"(94, 149, 179)","(102, 110, 226)",,ambos toleráveis
130,0.4815893354041286,21506.0,False,True,False,False,1.7731320290330363,1.2278431809287067,"(90, 158, 165)","(111, 121, 207)",,ambos toleráveis
686,0.6728468180803763,33623.0,False,True,False,False,0.63671875,0.8095744354916121,"(97, 169, 146)","(111, 134, 179)",,ambos toleráveis
506,0.7566472315262788,39143.0,False,True,False,False,1.4765625,1.2430041046197564,"(106, 159, 140)","(114, 133, 179)",,ambos toleráveis
551,0.650374251497006,47610.0,False,True,True,False,0.0,0.8691559865215507,"(99, 182, 159)","(121, 142, 201)",,ambos toleráveis
824,0.7051751705154932,29166.0,True,True,True,True,0.0,0.0,"(94, 169, 177)","(126, 128, 207)",,ambos corretos
80,0.47443530857196864,12975.0,False,True,False,False,2.7472520450130027,0.63671875,"(87, 159, 159)","(119, 131, 183)",,ambos toleráveis
807,0.6980263867419204,31505.0,True,True,True,True,0.0,0.0,"(89, 175, 225)","(115, 128, 249)",,ambos corretos
514,0.6351173108437588,13115.0,False,True,False,False,1.5,1.4577379737113252,"(83, 183, 131)","(96, 156, 165)",,ambos toleráveis
546,0.7371663889849424,37089.0,False,True,False,False,2.891057822325809,2.059923817235118,"(101, 160, 171)","(117, 126, 207)",,ambos toleráveis
651,0.5389930898321816,21707.0,False,True,False,False,1.375,3.0058536641027622,"(110, 170, 155)","(124, 150, 186)",,ambos toleráveis
413,0.5810814828026992,40662.0,False,True,False,False,1.624643139902191,3.4281299851832485,"(92, 161, 154)","(113, 130, 191)",,ambos toleráveis
851,0.7296312882519779,37726.0,False,True,True,False,0.0,2.8229082583669363,"(93, 145, 158)","(118, 109, 200)",,ambos toleráveis
92,0.33669103466834105,86910.0,False,True,False,False,0.9004562916672442,0.63671875,"(103, 145, 219)","(124, 104, 227)",,ambos toleráveis
774,0.7324195974379342,32894.0,False,True,True,False,0.0,2.765627758649754,"(98, 195, 163)","(109, 150, 213)",,ambos toleráveis
718,0.5599208087889262,32891.0,False,True,False,True,0.69921875,0.0,"(84, 154, 164)","(114, 117, 202)",,ambos toleráveis
410,0.7182435299109037,25974.0,True,True,True,True,0.0,0.0,"(87, 151, 149)","(113, 118, 184)",,ambos corretos
41,,,False,False,False,False,8.00890617531508,1.029961908617559,"(106, 150, 141)","(114, 121, 163)",,nenhum correto
808,,,False,False,False,False,57.19513695591829,2.7256109550199934,"(56, 170, 223)","(115, 137, 183)",,nenhum correto
947,0.7079690563238489,36953.0,False,True,True,False,0.0,1.0,"(82, 146, 141)","(91, 108, 182)",,ambos toleráveis
82,0.578423967774421,17269.0,False,True,False,False,0.7109375,1.7383119730431014,"(106, 145, 170)","(119, 121, 208)",,ambos toleráveis
592,0.4184569922530149,29660.0,False,True,False,False,3.0396549069137766,1.4484130593946605,"(99, 152, 152)","(119, 125, 174)",,ambos toleráveis
696,0.5774445009320455,27125.0,False,True,True,False,0.0,1.8690334755730031,"(99, 137, 163)","(122, 103, 195)",,ambos toleráveis
571,,,False,False,False,False,9.107875694046506,1.1855002178833889,"(84, 137, 136)","(127, 120, 154)",,nenhum correto
446,,,False,False,False,False,10.286772476743192,0.7578125,"(107, 153, 187)","(109, 126, 206)",,nenhum correto
29,0.49433632919854414,78674.0,True,True,True,True,0.0,0.0,"(107, 162, 126)","(121, 126, 160)",,ambos corretos
894,0.7056916508755507,50454.0,False,True,False,False,0.73046875,0.8852031375489823,"(82, 178, 143)","(94, 140, 167)",,ambos toleráveis
407,0.5745627038244886,22910.0,False,True,False,False,2.8470024540967316,1.6331115156829463,"(104, 145, 165)","(114, 110, 198)",,ambos toleráveis
966,0.6578005931403189,42837.0,False,True,False,False,0.66015625,0.66015625,"(96, 172, 172)","(120, 125, 199)",,ambos toleráveis
456,0.45669959396400217,29126.0,False,True,False,True,0.70703125,0.0,"(93, 191, 153)","(107, 152, 193)",,ambos toleráveis
53,0.6652031323204605,40949.0,False,True,True,False,0.0,1.739843048383334,"(110, 142, 170)","(124, 111, 199)",,ambos toleráveis
542,0.6754305859366704,27419.0,False,True,False,False,0.7578125,0.7578125,"(87, 159, 194)","(94, 124, 221)",,ambos toleráveis
639,0.44368687205625307,108233.0,False,True,True,False,0.0,3.18359375,"(95, 171, 164)","(115, 140, 196)",,ambos toleráveis
28,0.6627234151986627,30254.0,False,True,False,False,1.0737001589130926,0.9501747372194232,"(103, 144, 181)","(128, 115, 217)",,ambos toleráveis
443,0.4977315356621832,84691.0,False,True,True,False,0.0,0.640625,"(94, 153, 120)","(107, 117, 156)",,ambos toleráveis
460,0.202278877652756,109143.0,False,True,False,False,0.67578125,1.8120158634122971,"(90, 148, 168)","(107, 117, 202)",,ambos toleráveis
673,0.5813904196693515,38366.0,False,True,True,False,0.0,0.8884293109893437,"(117, 197, 185)","(135, 159, 221)",,ambos toleráveis
50,0.588605869703486,42308.0,False,True,False,False,1.1526548838442494,2.2240803050081173,"(97, 132, 185)","(107, 105, 214)",,ambos toleráveis
652,0.7065286784718255,33596.0,False,True,False,False,0.7890625,1.2227997619448983,"(88, 163, 195)","(107, 121, 227)",,ambos toleráveis
919,0.7472919042189282,35919.0,False,True,False,False,0.63671875,0.8095744354916121,"(94, 178, 144)","(123, 148, 182)",,ambos toleráveis
34,,,False,False,False,False,8.750464726777105,3.5305607215836217,"(100, 152, 181)","(123, 129, 190)",,nenhum correto
640,0.7010074081669273,44819.0,False,True,False,True,0.72265625,0.0,"(88, 179, 149)","(102, 144, 188)",,ambos toleráveis
848,0.6682280577241543,25150.0,False,True,True,False,0.0,0.6875,"(103, 163, 162)","(128, 131, 179)",,ambos toleráveis
84,0.7242430597002888,35649.0,False,True,False,False,0.69140625,1.0982191061341653,"(98, 172, 138)","(114, 135, 166)",,ambos toleráveis
933,0.6652138641894794,38052.0,False,True,False,True,1.0982191061341653,0.0,"(102, 162, 205)","(132, 128, 213)",,ambos toleráveis
476,0.5812529702831903,17302.0,False,True,False,False,1.3671875,1.2113217636280884,"(99, 155, 185)","(117, 120, 216)",,ambos toleráveis
935,0.7457320047383458,33844.0,False,True,False,True,1.7119895452732765,0.0,"(110, 154, 192)","(109, 119, 204)",,ambos toleráveis
827,0.6957751643573692,40753.0,False,True,False,True,0.671875,0.0,"(113, 167, 209)","(128, 136, 229)",,ambos toleráveis
938,,,False,False,True,False,0.0,18.000150891837166,"(87, 191, 208)","(87, 169, 183)",,um correto
834,,,False,False,False,False,,,,,Nenhuma superfície de aorta encontrada!,erro
626,0.5759095784176224,75566.0,False,True,True,False,0.0,1.7065082508315774,"(99, 144, 176)","(112, 106, 219)",,ambos toleráveis
977,0.09167824324185267,457923.0,False,True,True,False,0.0,1.1377451873456221,"(100, 149, 222)","(115, 120, 237)",,ambos toleráveis
737,0.6822750085331782,40399.0,False,True,True,False,0.0,1.421875,"(95, 176, 215)","(107, 131, 240)",,ambos toleráveis
519,0.5670454545454545,42343.0,False,True,True,False,0.0,1.6191488709832242,"(115, 183, 160)","(123, 140, 189)",,ambos toleráveis
982,,,False,False,True,False,0.0,16.356155384739,"(95, 143, 110)","(110, 98, 113)",,um correto
676,,,False,False,False,False,16.3600171681806,0.8916609243998318,"(98, 183, 153)","(98, 161, 185)",,nenhum correto
725,0.6093186058864388,45934.0,False,True,True,False,0.0,0.68359375,"(94, 160, 207)","(113, 125, 241)",,ambos toleráveis
2,0.6958242856319299,28945.0,False,True,False,False,0.7421875,1.4497187900805109,"(87, 158, 223)","(105, 120, 255)",,ambos toleráveis
488,0.3864441151236253,93576.0,False,True,True,False,0.0,0.8500919067959652,"(100, 161, 171)","(125, 123, 201)",,ambos toleráveis
907,0.6840022764844575,43048.0,False,True,True,False,0.0,0.63671875,"(96, 146, 120)","(118, 98, 154)",,ambos toleráveis
825,0.7472303963995153,27192.0,False,True,False,False,1.6415036709547173,0.69921875,"(109, 178, 158)","(122, 143, 191)",,ambos toleráveis
614,0.7298375747139758,33417.0,False,True,False,False,1.6508470615135167,2.2305371596339327,"(92, 134, 191)","(109, 99, 205)",,ambos toleráveis
489,0.5307477658860513,39074.0,False,True,False,False,1.375,1.3947446002763373,"(107, 161, 147)","(123, 132, 176)",,ambos toleráveis
849,0.3516882556866216,137713.0,False,True,True,False,0.0,0.67578125,"(111, 148, 160)","(128, 107, 178)",,ambos toleráveis
564,0.6966337252102528,25255.0,False,True,True,False,0.0,0.8819824637747907,"(86, 150, 180)","(102, 117, 202)",,ambos toleráveis
648,0.7467264791464597,26508.0,False,True,False,False,1.5390625,0.76953125,"(94, 150, 168)","(104, 118, 207)",,ambos toleráveis
924,,,False,False,False,False,14.410048242682787,4.29725850561291,"(101, 189, 268)","(137, 175, 258)",,nenhum correto
600,0.5088757396449705,25064.0,False,True,False,False,6.0531903390897925,0.8691559865215507,"(86, 162, 141)","(92, 139, 191)",,ambos toleráveis
510,0.6328680333779747,47695.0,False,True,False,False,0.72265625,1.021990269683682,"(86, 154, 178)","(114, 117, 221)",,ambos toleráveis
843,0.651107885824867,29427.0,False,True,True,False,0.0,1.8485933471916558,"(102, 170, 151)","(113, 135, 184)",,ambos toleráveis
532,0.5090481545854207,15094.0,False,True,False,False,0.7421875,0.7421875,"(94, 163, 173)","(114, 127, 194)",,ambos toleráveis
617,0.7758280579157051,40004.0,False,True,True,False,0.0,0.8755578578826188,"(89, 193, 138)","(109, 156, 180)",,ambos toleráveis
624,0.5138272249789617,94648.0,True,True,True,True,0.0,0.0,"(94, 166, 186)","(137, 128, 217)",,ambos corretos
480,0.6211312415968904,47129.0,False,True,True,False,0.0,1.1976463123364616,"(94, 155, 161)","(115, 125, 194)",,ambos toleráveis
962,0.45394225789746245,27668.0,False,True,False,False,2.35546875,1.2177605157945157,"(98, 164, 160)","(112, 134, 195)",,ambos toleráveis
870,0.6272904884318766,28449.0,False,True,False,False,0.6953125,1.6331862610496237,"(102, 156, 135)","(127, 126, 166)",,ambos toleráveis
703,0.06372128491087599,2219.0,False,True,False,True,0.76171875,0.0,"(111, 170, 160)","(99, 122, 206)",,ambos toleráveis
591,,,False,False,False,False,48.85329991637951,1.1476799159404703,"(51, 171, 229)","(109, 136, 200)",,nenhum correto
733,0.6278591352859135,25845.0,False,True,False,False,1.4921875,2.6944207084457994,"(109, 170, 141)","(102, 134, 174)",,ambos toleráveis
854,0.4344894254120199,60450.0,False,True,False,True,1.2734375,0.0,"(99, 151, 157)","(124, 116, 185)",,ambos toleráveis
989,0.6205147873519135,56877.0,False,True,False,True,0.63671875,0.0,"(105, 141, 186)","(139, 123, 222)",,ambos toleráveis
945,,,False,False,False,False,29.544708511430446,3.1889477602153993,"(92, 163, 245)","(109, 138, 219)",,nenhum correto
929,0.7160226731859288,24589.0,False,True,False,True,1.40625,0.0,"(123, 170, 144)","(128, 127, 180)",,ambos toleráveis
836,0.7566898685228152,30997.0,False,True,False,False,0.9004562916672442,0.5,"(101, 138, 174)","(126, 105, 209)",,ambos toleráveis
896,,,False,False,False,True,39.69457867790028,0.0,"(60, 143, 242)","(121, 102, 207)",,um correto
86,,,False,False,False,False,,,,,Nenhuma superfície de aorta encontrada!,erro
89,,,False,False,False,False,29.952812467804176,9.157756382058054,"(45, 152, 204)","(118, 132, 180)",,nenhum correto
78,0.6537251376559164,19456.0,False,True,False,False,1.3090659129521038,0.85546875,"(102, 156, 178)","(107, 124, 210)",,ambos toleráveis
799,0.6630933947406731,42008.0,False,True,False,False,1.453125,0.7265625,"(102, 172, 215)","(120, 138, 238)",,ambos toleráveis
175,0.414525459946839,52866.0,False,True,False,False,0.9004562916672442,0.5,"(98, 197, 169)","(131, 162, 191)",,ambos toleráveis
497,,,False,False,False,False,9.614547007537913,2.780130568257991,"(96, 169, 188)","(116, 137, 191)",,nenhum correto
421,0.551073985680191,15748.0,False,True,True,False,0.0,0.9875012361542895,"(81, 165, 148)","(106, 135, 195)",,ambos toleráveis
750,0.4059905961571951,21466.0,False,True,True,False,0.0,0.9740592917816913,"(92, 152, 185)","(106, 122, 207)",,ambos toleráveis
13,0.5614046624798605,28212.0,False,True,False,False,1.390625,1.1031404921008474,"(112, 172, 166)","(130, 145, 202)",,ambos toleráveis
765,0.5413795303726391,38551.0,False,True,False,True,2.0390625,0.0,"(101, 160, 172)","(126, 124, 207)",,ambos toleráveis
431,0.10247235231958138,421761.0,False,True,True,False,0.0,0.63671875,"(113, 161, 216)","(127, 117, 228)",,ambos toleráveis
868,,,False,False,False,False,1.6498253932234768,41.03585512999577,"(111, 122, 219)","(56, 84, 175)",,nenhum correto
898,0.7494717379820391,42990.0,False,True,False,True,0.69140625,0.0,"(102, 169, 170)","(112, 125, 201)",,ambos toleráveis
890,0.7515823406848292,29361.0,False,True,False,False,0.63671875,2.0746343451354567,"(104, 138, 176)","(109, 95, 204)",,ambos toleráveis
956,0.7031302068291383,25671.0,False,True,True,False,0.0,0.63671875,"(100, 169, 172)","(118, 125, 205)",,ambos toleráveis
184,0.6781149636232549,26042.0,False,True,False,False,0.73828125,1.4457241812334485,"(90, 150, 162)","(110, 125, 192)",,ambos toleráveis
786,0.706852413186537,36476.0,False,True,True,False,0.0,0.8095744354916121,"(102, 169, 175)","(116, 117, 188)",,ambos toleráveis
495,0.688684733929562,40938.0,False,True,True,False,0.0,0.9998931827716023,"(97, 170, 199)","(111, 139, 225)",,ambos toleráveis
796,0.6293465464832287,28012.0,False,True,True,False,0.0,1.113000238656758,"(116, 171, 167)","(126, 125, 208)",,ambos toleráveis
693,0.552944962986804,57312.0,False,True,False,False,0.63671875,0.8095744354916121,"(95, 166, 147)","(119, 127, 176)",,ambos toleráveis
777,,,False,False,False,False,40.50163133891376,34.16684937467027,"(85, 144, 261)","(89, 115, 261)",,nenhum correto
912,0.6763169980778717,35638.0,False,True,False,True,1.5635006561424312,0.0,"(97, 139, 179)","(119, 108, 211)",,ambos toleráveis
464,0.5254738835624545,37861.0,False,True,True,False,0.0,1.029961908617559,"(116, 177, 166)","(126, 133, 191)",,ambos toleráveis
631,0.7056740927666145,31113.0,False,True,False,False,0.703125,1.6498253932234768,"(96, 130, 150)","(122, 96, 200)",,ambos toleráveis
636,,,False,False,False,False,76.03688138214419,76.861420810659,"(30, 157, 249)","(30, 135, 261)",,nenhum correto
891,,,False,False,False,False,11.365308049093137,1.1855002178833889,"(94, 146, 207)","(126, 118, 220)",,nenhum correto
474,0.6671196575389006,22922.0,False,True,True,False,0.0,1.6748157912350576,"(88, 180, 162)","(103, 140, 195)",,ambos toleráveis
101,,,False,False,False,False,29.574503810457507,0.8095744354916121,"(83, 158, 191)","(133, 122, 167)",,nenhum correto
857,0.6682374908306844,54073.0,False,True,False,False,0.69921875,0.69921875,"(85, 152, 143)","(103, 111, 181)",,ambos toleráveis
923,0.7563884156729132,39197.0,False,True,True,False,0.0,1.1377451873456221,"(97, 188, 186)","(118, 148, 217)",,ambos toleráveis
83,0.6882613277133826,26890.0,False,True,False,True,0.8125,0.0,"(102, 168, 184)","(108, 122, 211)",,ambos toleráveis
770,0.6683656133197418,48772.0,False,True,False,True,0.734375,0.0,"(93, 163, 203)","(107, 126, 229)",,ambos toleráveis
187,,,False,False,False,False,39.94991160969033,0.66015625,"(59, 158, 230)","(120, 118, 181)",,nenhum correto
795,0.24874184064975832,137769.0,False,True,True,False,0.0,3.023571238159697,"(102, 135, 180)","(116, 94, 217)",,ambos toleráveis
644,0.7577108654492152,35733.0,True,True,True,True,0.0,0.0,"(104, 173, 197)","(121, 130, 237)",,ambos corretos
730,0.6545494228344165,51165.0,False,True,True,False,0.0,0.8343753657536651,"(87, 143, 183)","(110, 111, 212)",,ambos toleráveis
140,0.7111877772301627,57553.0,False,True,True,False,0.0,0.5,"(91, 154, 140)","(98, 121, 188)",,ambos toleráveis
127,0.7142632489385123,20432.0,False,True,True,False,0.0,0.9841347052939767,"(89, 174, 209)","(105, 131, 233)",,ambos toleráveis
459,,,False,False,False,False,21.395020149722487,0.6796875,"(104, 165, 211)","(130, 133, 188)",,nenhum correto
39,0.6249966317869493,59683.0,False,True,True,False,0.0,0.907898554441106,"(118, 162, 147)","(121, 119, 182)",,ambos toleráveis
122,0.562095019194562,16463.0,False,True,False,False,0.8981402361485997,6.035945033405214,"(74, 161, 171)","(75, 134, 212)",,ambos toleráveis
914,,,False,False,False,False,9.660856759124032,3.222618370989507,"(76, 134, 226)","(121, 119, 234)",,nenhum correto
486,0.5242039486804494,51699.0,True,True,True,True,0.0,0.0,"(101, 169, 183)","(133, 148, 217)",,ambos corretos
719,0.5346380768326227,68000.0,False,True,True,False,0.0,1.1855002178833889,"(103, 154, 178)","(121, 121, 205)",,ambos toleráveis
619,0.5436707034413426,70901.0,False,True,False,False,0.5,0.8500919067959652,"(99, 170, 167)","(115, 133, 217)",,ambos toleráveis
538,0.6687987595096186,37197.0,False,True,True,False,0.0,0.8095744354916121,"(102, 175, 202)","(127, 139, 218)",,ambos toleráveis
655,0.7368803341202106,13182.0,False,True,False,False,1.6248732297306496,0.8532541254157887,"(108, 151, 200)","(120, 118, 217)",,ambos toleráveis
886,0.29128517772576346,147470.0,False,True,True,False,0.0,0.8095744354916121,"(81, 167, 157)","(102, 123, 195)",,ambos toleráveis
630,0.15230855855855857,2492.0,False,True,False,False,2.33203125,5.782892767022644,"(103, 159, 173)","(120, 136, 190)",,ambos toleráveis
811,0.6894596855762147,44052.0,False,True,True,False,0.0,0.8095744354916121,"(99, 164, 171)","(119, 119, 192)",,ambos toleráveis
727,0.5821180268926678,68079.0,False,True,True,False,0.0,1.029961908617559,"(102, 171, 128)","(117, 131, 167)",,ambos toleráveis
402,0.6017329824841188,41876.0,False,True,False,False,1.40625,0.703125,"(101, 136, 178)","(119, 92, 198)",,ambos toleráveis
154,0.7084359361347208,27852.0,False,True,False,False,0.9501747372194232,1.0737001589130926,"(94, 165, 135)","(108, 129, 162)",,ambos toleráveis
702,,,False,False,False,False,22.74794516872709,28.144102128494712,"(40, 163, 233)","(37, 134, 209)",,nenhum correto
861,,,False,False,False,False,21.880692618668547,1.1626197014985167,"(78, 125, 200)","(121, 98, 185)",,nenhum correto
33,,,False,False,False,False,,,,,Nenhuma superfície de aorta encontrada!,erro
98,0.6027314650585314,69593.0,False,True,False,False,0.67578125,0.67578125,"(104, 157, 164)","(120, 121, 189)",,ambos toleráveis
747,0.0,0.0,False,True,True,False,0.0,0.8852031375489823,"(97, 176, 179)","(110, 131, 209)",,ambos toleráveis
156,,,False,False,True,False,0.0,23.522405129808057,"(100, 148, 157)","(48, 125, 186)",,um correto
110,0.6968522517626532,39996.0,False,True,True,False,0.0,2.2358768990739404,"(92, 178, 171)","(107, 141, 200)",,ambos toleráveis
419,,,False,False,True,False,0.0,27.658762465325182,"(109, 145, 172)","(102, 109, 137)",,um correto
134,0.3178336041664564,77985.0,False,True,False,False,1.2734375,1.029961908617559,"(82, 187, 141)","(99, 148, 157)",,ambos toleráveis
721,0.5394134063503765,50083.0,True,True,True,True,0.0,0.0,"(108, 153, 179)","(125, 119, 214)",,ambos corretos
62,0.6577246182192936,34985.0,False,True,True,False,0.0,1.6191488709832242,"(101, 185, 164)","(112, 146, 185)",,ambos toleráveis
447,,,False,False,True,False,0.0,12.096747448307127,"(119, 185, 173)","(141, 140, 166)",,um correto
473,0.6704556017368903,41650.0,False,True,False,False,1.2026683386588757,1.8419615266408254,"(98, 152, 164)","(123, 129, 208)",,ambos toleráveis
145,0.735821178253457,29589.0,False,True,False,False,0.74609375,0.74609375,"(84, 156, 164)","(99, 117, 196)",,ambos toleráveis
582,0.7019711183725097,27276.0,False,True,False,True,2.546875,0.0,"(102, 183, 200)","(121, 154, 225)",,ambos toleráveis
544,0.7376765979601013,23642.0,False,True,False,True,1.1626197014985167,0.0,"(105, 160, 171)","(114, 121, 219)",,ambos toleráveis
91,0.7237729129273429,37773.0,True,True,True,True,0.0,0.0,"(98, 180, 171)","(112, 138, 182)",,ambos corretos
504,0.7168942992874109,22687.0,False,True,False,False,1.4375,1.892883465113476,"(89, 159, 163)","(98, 127, 186)",,ambos toleráveis
694,,,False,False,True,False,0.0,10.063326404826494,"(102, 160, 161)","(137, 127, 168)",,um correto
689,0.671295812885037,35951.0,True,True,True,True,0.0,0.0,"(87, 167, 164)","(120, 135, 195)",,ambos corretos
997,0.5956765050997382,42991.0,True,True,True,True,0.0,0.0,"(81, 162, 139)","(114, 116, 171)",,ambos corretos
520,0.5146431532142588,39549.0,False,True,False,False,1.703254904736168,1.187615639928645,"(117, 147, 167)","(132, 118, 201)",,ambos toleráveis
46,0.6761241606945041,46007.0,False,True,True,False,0.0,1.0444818728979934,"(94, 177, 185)","(115, 127, 208)",,ambos toleráveis
423,0.766546106525704,35411.0,False,True,False,True,0.63671875,0.0,"(89, 155, 170)","(110, 108, 201)",,ambos toleráveis
779,0.621653006614046,34694.0,False,True,False,False,2.3203125,1.0938058021479407,"(98, 170, 206)","(117, 142, 227)",,ambos toleráveis
64,0.12472390186495233,418224.0,True,True,True,True,0.0,0.0,"(99, 151, 160)","(118, 99, 191)",,ambos corretos
910,0.6008292984444216,50919.0,False,True,True,False,0.0,0.68359375,"(98, 144, 192)","(118, 111, 220)",,ambos toleráveis
707,0.6283006350108994,30721.0,False,True,False,False,2.25,0.9013878188659973,"(96, 155, 107)","(112, 113, 153)",,ambos toleráveis
193,0.672714004824357,50987.0,False,True,True,False,0.0,1.4704320488061493,"(94, 157, 182)","(114, 108, 221)",,ambos toleráveis
788,0.595247446975648,73860.0,False,True,False,False,0.9004562916672442,0.63671875,"(86, 176, 214)","(118, 153, 247)",,ambos toleráveis
629,0.4947390970148313,52054.0,False,True,True,False,0.0,1.8690334755730031,"(106, 149, 194)","(126, 114, 216)",,ambos toleráveis
10,0.6078240042579615,42389.0,False,True,False,True,0.9943689110435825,0.0,"(91, 161, 178)","(118, 126, 211)",,ambos toleráveis
97,,,False,False,False,False,13.724452473710016,7.978063070473015,"(118, 198, 204)","(148, 180, 192)",,nenhum correto
784,,,False,False,True,False,0.0,50.56133043518511,"(101, 138, 143)","(52, 53, 122)",,um correto
170,,,False,False,False,False,27.330342974333977,1.0688145311292905,"(51, 122, 210)","(95, 90, 195)",,nenhum correto
463,,,False,False,False,False,22.581404525012736,14.042666677905512,"(102, 171, 190)","(133, 116, 216)",,nenhum correto
129,0.6650804566084445,39373.0,False,True,False,False,1.4921875,0.74609375,"(97, 158, 167)","(109, 118, 201)",,ambos toleráveis
736,,,False,False,False,False,29.132396626489985,41.28128640854044,"(66, 148, 203)","(59, 127, 227)",,nenhum correto
663,0.5646929341844596,56535.0,False,True,False,False,0.63671875,0.8095744354916121,"(94, 180, 171)","(119, 136, 209)",,ambos toleráveis
688,0.6417539535838981,59980.0,False,True,False,False,0.65234375,0.65234375,"(101, 177, 135)","(105, 137, 171)",,ambos toleráveis
608,0.4814447168570233,61488.0,False,True,False,True,1.029961908617559,0.0,"(91, 127, 142)","(97, 81, 174)",,ambos toleráveis
180,,,False,False,True,False,0.0,30.180014367324514,"(98, 142, 191)","(101, 104, 164)",,um correto
584,0.6399286746727545,47094.0,False,True,False,False,4.611977880022877,1.5089909983190133,"(109, 170, 174)","(124, 136, 190)",,ambos toleráveis
787,0.7021489908896735,40963.0,False,True,True,False,0.0,1.029961908617559,"(96, 166, 170)","(111, 120, 188)",,ambos toleráveis
59,0.49646272056444196,110076.0,False,True,True,False,0.0,0.8375058302035873,"(113, 164, 166)","(121, 129, 191)",,ambos toleráveis
496,0.4865273611776271,79786.0,False,True,False,False,1.0606601717798212,1.25,"(97, 163, 200)","(107, 134, 216)",,ambos toleráveis
11,0.6331462745258674,31374.0,False,True,False,False,1.4761542507713454,2.1181242162140776,"(98, 141, 170)","(121, 121, 207)",,ambos toleráveis
562,0.0,1427.0,False,True,False,False,3.8257725552535464,2.9726151853274017,"(87, 174, 189)","(106, 155, 198)",,ambos toleráveis
819,0.7841528453378656,36791.0,False,True,False,False,0.74609375,1.167609424241739,"(99, 155, 184)","(116, 114, 202)",,ambos toleráveis
627,0.6845001041577315,50099.0,False,True,True,False,0.0,2.4287233064748364,"(96, 142, 179)","(122, 107, 210)",,ambos toleráveis
524,0.44862423986995004,58867.0,False,True,False,False,0.5,1.1377451873456221,"(100, 154, 147)","(118, 127, 186)",,ambos toleráveis
428,,,False,False,False,False,60.625688875354875,17.864712829417076,"(37, 176, 226)","(79, 132, 199)",,nenhum correto
993,0.7151174200300909,48130.0,True,True,True,True,0.0,0.0,"(88, 146, 173)","(113, 102, 200)",,ambos corretos
860,0.6801507224713502,32054.0,False,True,True,False,0.0,2.712934917969951,"(90, 158, 175)","(102, 128, 212)",,ambos toleráveis
714,0.670213015255548,22710.0,False,True,False,False,1.3671875,0.8469358978335152,"(107, 167, 135)","(122, 135, 169)",,ambos toleráveis
983,0.5836906547935924,64578.0,False,True,False,False,0.9004562916672442,1.8690334755730031,"(98, 156, 179)","(122, 118, 202)",,ambos toleráveis
732,0.5299196411885629,31967.0,False,True,False,False,1.6831541261869039,1.6831541261869039,"(101, 185, 139)","(118, 156, 177)",,ambos toleráveis
498,,,False,False,True,False,0.0,55.04898525484271,"(131, 130, 237)","(59, 88, 193)",,um correto
789,0.6814626783754116,31967.0,False,True,False,False,1.46875,0.8884293109893437,"(93, 152, 195)","(110, 121, 218)",,ambos toleráveis
785,0.7343946798327372,21040.0,False,True,False,False,1.739843048383334,0.8095744354916121,"(104, 167, 160)","(121, 136, 191)",,ambos toleráveis
897,0.5357989466796812,61780.0,False,True,True,False,0.0,0.8095744354916121,"(84, 156, 177)","(103, 106, 205)",,ambos toleráveis
449,0.7530885529157667,26367.0,False,True,True,False,0.0,0.7734375,"(99, 154, 189)","(110, 117, 215)",,ambos toleráveis
908,0.690633742649892,33058.0,False,True,False,True,1.5635006561424312,0.0,"(83, 147, 145)","(108, 106, 187)",,ambos toleráveis
706,0.4480003122225366,72870.0,False,True,False,False,1.3203125,0.8281342128025279,"(96, 170, 195)","(122, 140, 228)",,ambos toleráveis
892,,,False,False,False,False,65.91975865625442,58.76830172255717,"(21, 125, 263)","(39, 103, 262)",,nenhum correto
738,,,False,False,False,False,54.53038269927235,49.956480389047904,"(137, 211, 261)","(161, 192, 264)",,nenhum correto
150,0.6389725270051884,29067.0,False,True,False,True,3.0688410914433564,0.0,"(108, 147, 156)","(131, 122, 200)",,ambos toleráveis
705,,,False,False,False,False,7.245035510663923,1.8002854862580129,"(113, 158, 182)","(120, 140, 207)",,nenhum correto
783,0.2025988662792086,182151.0,False,True,True,False,0.0,1.4678562772905426,"(99, 141, 147)","(119, 101, 186)",,ambos toleráveis
951,0.6979489377334231,45940.0,False,True,True,False,0.0,0.8500919067959652,"(77, 175, 151)","(110, 142, 187)",,ambos toleráveis
505,0.7025960648754342,30198.0,False,True,False,False,1.6953125,1.3109237651992058,"(85, 159, 194)","(107, 135, 229)",,ambos toleráveis
117,0.6112897159980104,37582.0,True,True,True,True,0.0,0.0,"(101, 155, 175)","(112, 116, 205)",,ambos corretos
560,0.45189675400860385,20012.0,False,True,False,True,5.381820255063569,0.0,"(86, 168, 208)","(110, 122, 220)",,ambos toleráveis
692,0.618932839418466,42709.0,True,True,True,True,0.0,0.0,"(97, 195, 140)","(117, 143, 178)",,ambos corretos
422,0.6460979414134143,31909.0,False,True,True,False,0.0,0.5,"(100, 159, 167)","(116, 126, 209)",,ambos toleráveis
527,0.6610085394197373,42351.0,False,True,False,False,1.6857856236619508,1.809281220583536,"(91, 155, 153)","(100, 113, 194)",,ambos toleráveis
450,,,False,False,False,False,66.19631268238543,59.29594886669707,"(37, 99, 262)","(52, 86, 258)",,nenhum correto
625,0.7274042578321079,38540.0,False,True,True,False,0.0,1.2247012649934523,"(96, 172, 138)","(110, 139, 181)",,ambos toleráveis
650,,,False,False,False,False,16.349306405664098,22.293978999581682,"(124, 159, 218)","(110, 102, 221)",,nenhum correto
720,0.5262751288984432,22025.0,True,True,True,True,0.0,0.0,"(97, 168, 183)","(115, 123, 202)",,ambos corretos
588,0.7408753679013685,41708.0,False,True,False,True,1.9997863655432047,0.0,"(90, 146, 121)","(105, 105, 170)",,ambos toleráveis
971,0.5459740026625581,43355.0,True,True,True,True,0.0,0.0,"(89, 162, 187)","(112, 132, 227)",,ambos corretos
556,0.6325677895282829,19704.0,False,True,False,True,1.7421875,0.0,"(86, 153, 183)","(103, 115, 228)",,ambos toleráveis
874,0.6330543760563961,29463.0,False,True,False,False,1.1427099950610828,1.7639649275495815,"(112, 163, 138)","(118, 128, 188)",,ambos toleráveis
35,,,False,False,False,False,25.18585760095739,11.421913741811862,"(114, 140, 268)","(155, 120, 262)",,nenhum correto
876,0.447758322108909,15819.0,False,True,False,False,3.7023667472645116,0.734375,"(100, 172, 202)","(112, 138, 218)",,ambos toleráveis
188,0.6004763927100837,31312.0,False,True,False,False,2.694621741195784,1.2406879706940823,"(100, 174, 201)","(119, 151, 219)",,ambos toleráveis
613,,,False,False,False,False,51.94925267523706,1.167609424241739,"(36, 145, 212)","(98, 124, 180)",,nenhum correto
177,,,False,False,False,False,9.416134529494524,1.8576179986494128,"(105, 141, 149)","(100, 121, 180)",,nenhum correto
691,0.6761560112585444,27557.0,False,True,True,False,0.0,0.5,"(89, 181, 139)","(115, 153, 182)",,ambos toleráveis
576,,,False,False,False,False,33.42256986333533,5.5157024605042375,"(63, 164, 192)","(109, 135, 181)",,nenhum correto
471,0.6533410723354858,13792.0,False,True,False,False,1.6875,2.5875301930605565,"(91, 164, 164)","(95, 135, 191)",,ambos toleráveis
699,0.11887844592901524,435845.0,False,True,False,False,2.44235294145318,0.779225893540546,"(102, 137, 140)","(121, 104, 149)",,ambos toleráveis
27,0.30161426946441106,171145.0,False,True,True,False,0.0,0.8095744354916121,"(95, 171, 202)","(120, 138, 239)",,ambos toleráveis
831,0.722442642746248,40267.0,False,True,True,False,0.0,0.7265625,"(95, 170, 181)","(121, 135, 210)",,ambos toleráveis
116,0.4699652279324975,31885.0,False,True,False,False,0.5,1.892883465113476,"(101, 170, 145)","(121, 137, 183)",,ambos toleráveis
909,0.4054349036641051,18533.0,False,True,False,False,1.0688145311292905,1.2025731790525525,"(82, 125, 175)","(116, 101, 213)",,ambos toleráveis
162,,,False,False,True,False,0.0,7.519380071532244,"(106, 161, 173)","(108, 119, 189)",,um correto
194,0.7694211588608807,37972.0,False,True,False,False,0.8095744354916121,1.345667690480501,"(89, 155, 168)","(122, 122, 211)",,ambos toleráveis
521,0.7392258608410006,39268.0,False,True,True,False,0.0,0.8564224849081498,"(88, 142, 201)","(125, 111, 228)",,ambos toleráveis
670,0.24510063481417418,146162.0,False,True,True,False,0.0,0.66015625,"(113, 152, 168)","(119, 110, 201)",,ambos toleráveis
190,,,False,False,False,False,14.433462660094824,27.422190224772944,"(88, 175, 226)","(106, 134, 261)",,nenhum correto
