variant,return_code,duration_seconds,run_dir,command
percentile_p10p0_thfuzzy_objp99p8_densep99p96_m120p0_r0_mean,0,2206.237848734949,output/segmentation/analysis/threshold_sweep/fuzzy_threshold_refined_permissive_p10/pipeline_runs/percentile_p10p0_thfuzzy_objp99p8_densep99p96_m120p0_r0_mean/segmentation/runs/mid_res/2026-07-02_14-03-10,/data04/home/projetos/dac_seg_dlag/mssilva.ppgmc/miniconda3/envs/dac_gpu/bin/python /data04/home/projetos/dac_seg_dlag/mssilva.ppgmc/matheus_codes/coronary-centerline-detection/src/segmentation_pipeline.py --split train --resolution mid --num-batches 5 --artery-method rg --config-file /data04/home/projetos/dac_seg_dlag/mssilva.ppgmc/matheus_codes/coronary-centerline-detection/output/segmentation/analysis/threshold_sweep/fuzzy_threshold_refined_permissive_p10/configs/percentile_p10p0_thfuzzy_objp99p8_densep99p96_m120p0_r0_mean.json --output-dir /data04/home/projetos/dac_seg_dlag/mssilva.ppgmc/matheus_codes/coronary-centerline-detection/output/segmentation/analysis/threshold_sweep/fuzzy_threshold_refined_permissive_p10/pipeline_runs/percentile_p10p0_thfuzzy_objp99p8_densep99p96_m120p0_r0_mean --no-save-cache --gpu --downscale-method opencv --opencv-interpolation linear
percentile_p10p25_thfuzzy_objp99p8_densep99p96_m120p0_r0_mean,0,2192.1159917390905,output/segmentation/analysis/threshold_sweep/fuzzy_threshold_refined_permissive_p10/pipeline_runs/percentile_p10p25_thfuzzy_objp99p8_densep99p96_m120p0_r0_mean/segmentation/runs/mid_res/2026-07-02_14-39-59,/data04/home/projetos/dac_seg_dlag/mssilva.ppgmc/miniconda3/envs/dac_gpu/bin/python /data04/home/projetos/dac_seg_dlag/mssilva.ppgmc/matheus_codes/coronary-centerline-detection/src/segmentation_pipeline.py --split train --resolution mid --num-batches 5 --artery-method rg --config-file /data04/home/projetos/dac_seg_dlag/mssilva.ppgmc/matheus_codes/coronary-centerline-detection/output/segmentation/analysis/threshold_sweep/fuzzy_threshold_refined_permissive_p10/configs/percentile_p10p25_thfuzzy_objp99p8_densep99p96_m120p0_r0_mean.json --output-dir /data04/home/projetos/dac_seg_dlag/mssilva.ppgmc/matheus_codes/coronary-centerline-detection/output/segmentation/analysis/threshold_sweep/fuzzy_threshold_refined_permissive_p10/pipeline_runs/percentile_p10p25_thfuzzy_objp99p8_densep99p96_m120p0_r0_mean --no-save-cache --gpu --downscale-method opencv --opencv-interpolation linear
percentile_p10p5_thfuzzy_objp99p8_densep99p96_m120p0_r0_mean,0,2089.797635316034,output/segmentation/analysis/threshold_sweep/fuzzy_threshold_refined_permissive_p10/pipeline_runs/percentile_p10p5_thfuzzy_objp99p8_densep99p96_m120p0_r0_mean/segmentation/runs/mid_res/2026-07-02_15-16-37,/data04/home/projetos/dac_seg_dlag/mssilva.ppgmc/miniconda3/envs/dac_gpu/bin/python /data04/home/projetos/dac_seg_dlag/mssilva.ppgmc/matheus_codes/coronary-centerline-detection/src/segmentation_pipeline.py --split train --resolution mid --num-batches 5 --artery-method rg --config-file /data04/home/projetos/dac_seg_dlag/mssilva.ppgmc/matheus_codes/coronary-centerline-detection/output/segmentation/analysis/threshold_sweep/fuzzy_threshold_refined_permissive_p10/configs/percentile_p10p5_thfuzzy_objp99p8_densep99p96_m120p0_r0_mean.json --output-dir /data04/home/projetos/dac_seg_dlag/mssilva.ppgmc/matheus_codes/coronary-centerline-detection/output/segmentation/analysis/threshold_sweep/fuzzy_threshold_refined_permissive_p10/pipeline_runs/percentile_p10p5_thfuzzy_objp99p8_densep99p96_m120p0_r0_mean --no-save-cache --gpu --downscale-method opencv --opencv-interpolation linear
percentile_p10p0_thfuzzy_objp99p8_densep99p97_m120p0_r0_mean,0,2246.2282537730644,output/segmentation/analysis/threshold_sweep/fuzzy_threshold_refined_permissive_p10/pipeline_runs/percentile_p10p0_thfuzzy_objp99p8_densep99p97_m120p0_r0_mean/segmentation/runs/mid_res/2026-07-02_15-51-19,/data04/home/projetos/dac_seg_dlag/mssilva.ppgmc/miniconda3/envs/dac_gpu/bin/python /data04/home/projetos/dac_seg_dlag/mssilva.ppgmc/matheus_codes/coronary-centerline-detection/src/segmentation_pipeline.py --split train --resolution mid --num-batches 5 --artery-method rg --config-file /data04/home/projetos/dac_seg_dlag/mssilva.ppgmc/matheus_codes/coronary-centerline-detection/output/segmentation/analysis/threshold_sweep/fuzzy_threshold_refined_permissive_p10/configs/percentile_p10p0_thfuzzy_objp99p8_densep99p97_m120p0_r0_mean.json --output-dir /data04/home/projetos/dac_seg_dlag/mssilva.ppgmc/matheus_codes/coronary-centerline-detection/output/segmentation/analysis/threshold_sweep/fuzzy_threshold_refined_permissive_p10/pipeline_runs/percentile_p10p0_thfuzzy_objp99p8_densep99p97_m120p0_r0_mean --no-save-cache --gpu --downscale-method opencv --opencv-interpolation linear
percentile_p10p25_thfuzzy_objp99p8_densep99p97_m120p0_r0_mean,0,2221.6039088690886,output/segmentation/analysis/threshold_sweep/fuzzy_threshold_refined_permissive_p10/pipeline_runs/percentile_p10p25_thfuzzy_objp99p8_densep99p97_m120p0_r0_mean/segmentation/runs/mid_res/2026-07-02_16-28-48,/data04/home/projetos/dac_seg_dlag/mssilva.ppgmc/miniconda3/envs/dac_gpu/bin/python /data04/home/projetos/dac_seg_dlag/mssilva.ppgmc/matheus_codes/coronary-centerline-detection/src/segmentation_pipeline.py --split train --resolution mid --num-batches 5 --artery-method rg --config-file /data04/home/projetos/dac_seg_dlag/mssilva.ppgmc/matheus_codes/coronary-centerline-detection/output/segmentation/analysis/threshold_sweep/fuzzy_threshold_refined_permissive_p10/configs/percentile_p10p25_thfuzzy_objp99p8_densep99p97_m120p0_r0_mean.json --output-dir /data04/home/projetos/dac_seg_dlag/mssilva.ppgmc/matheus_codes/coronary-centerline-detection/output/segmentation/analysis/threshold_sweep/fuzzy_threshold_refined_permissive_p10/pipeline_runs/percentile_p10p25_thfuzzy_objp99p8_densep99p97_m120p0_r0_mean --no-save-cache --gpu --downscale-method opencv --opencv-interpolation linear
percentile_p10p5_thfuzzy_objp99p8_densep99p97_m120p0_r0_mean,0,2092.237485795049,output/segmentation/analysis/threshold_sweep/fuzzy_threshold_refined_permissive_p10/pipeline_runs/percentile_p10p5_thfuzzy_objp99p8_densep99p97_m120p0_r0_mean/segmentation/runs/mid_res/2026-07-02_17-05-47,/data04/home/projetos/dac_seg_dlag/mssilva.ppgmc/miniconda3/envs/dac_gpu/bin/python /data04/home/projetos/dac_seg_dlag/mssilva.ppgmc/matheus_codes/coronary-centerline-detection/src/segmentation_pipeline.py --split train --resolution mid --num-batches 5 --artery-method rg --config-file /data04/home/projetos/dac_seg_dlag/mssilva.ppgmc/matheus_codes/coronary-centerline-detection/output/segmentation/analysis/threshold_sweep/fuzzy_threshold_refined_permissive_p10/configs/percentile_p10p5_thfuzzy_objp99p8_densep99p97_m120p0_r0_mean.json --output-dir /data04/home/projetos/dac_seg_dlag/mssilva.ppgmc/matheus_codes/coronary-centerline-detection/output/segmentation/analysis/threshold_sweep/fuzzy_threshold_refined_permissive_p10/pipeline_runs/percentile_p10p5_thfuzzy_objp99p8_densep99p97_m120p0_r0_mean --no-save-cache --gpu --downscale-method opencv --opencv-interpolation linear
percentile_p10p0_thfuzzy_objp99p8_densep99p98_m120p0_r0_mean,0,2192.0853782740887,output/segmentation/analysis/threshold_sweep/fuzzy_threshold_refined_permissive_p10/pipeline_runs/percentile_p10p0_thfuzzy_objp99p8_densep99p98_m120p0_r0_mean/segmentation/runs/mid_res/2026-07-02_17-40-39,/data04/home/projetos/dac_seg_dlag/mssilva.ppgmc/miniconda3/envs/dac_gpu/bin/python /data04/home/projetos/dac_seg_dlag/mssilva.ppgmc/matheus_codes/coronary-centerline-detection/src/segmentation_pipeline.py --split train --resolution mid --num-batches 5 --artery-method rg --config-file /data04/home/projetos/dac_seg_dlag/mssilva.ppgmc/matheus_codes/coronary-centerline-detection/output/segmentation/analysis/threshold_sweep/fuzzy_threshold_refined_permissive_p10/configs/percentile_p10p0_thfuzzy_objp99p8_densep99p98_m120p0_r0_mean.json --output-dir /data04/home/projetos/dac_seg_dlag/mssilva.ppgmc/matheus_codes/coronary-centerline-detection/output/segmentation/analysis/threshold_sweep/fuzzy_threshold_refined_permissive_p10/pipeline_runs/percentile_p10p0_thfuzzy_objp99p8_densep99p98_m120p0_r0_mean --no-save-cache --gpu --downscale-method opencv --opencv-interpolation linear
percentile_p10p25_thfuzzy_objp99p8_densep99p98_m120p0_r0_mean,0,2108.2581594139338,output/segmentation/analysis/threshold_sweep/fuzzy_threshold_refined_permissive_p10/pipeline_runs/percentile_p10p25_thfuzzy_objp99p8_densep99p98_m120p0_r0_mean/segmentation/runs/mid_res/2026-07-02_18-17-11,/data04/home/projetos/dac_seg_dlag/mssilva.ppgmc/miniconda3/envs/dac_gpu/bin/python /data04/home/projetos/dac_seg_dlag/mssilva.ppgmc/matheus_codes/coronary-centerline-detection/src/segmentation_pipeline.py --split train --resolution mid --num-batches 5 --artery-method rg --config-file /data04/home/projetos/dac_seg_dlag/mssilva.ppgmc/matheus_codes/coronary-centerline-detection/output/segmentation/analysis/threshold_sweep/fuzzy_threshold_refined_permissive_p10/configs/percentile_p10p25_thfuzzy_objp99p8_densep99p98_m120p0_r0_mean.json --output-dir /data04/home/projetos/dac_seg_dlag/mssilva.ppgmc/matheus_codes/coronary-centerline-detection/output/segmentation/analysis/threshold_sweep/fuzzy_threshold_refined_permissive_p10/pipeline_runs/percentile_p10p25_thfuzzy_objp99p8_densep99p98_m120p0_r0_mean --no-save-cache --gpu --downscale-method opencv --opencv-interpolation linear
percentile_p10p5_thfuzzy_objp99p8_densep99p98_m120p0_r0_mean,0,2101.5060216999846,output/segmentation/analysis/threshold_sweep/fuzzy_threshold_refined_permissive_p10/pipeline_runs/percentile_p10p5_thfuzzy_objp99p8_densep99p98_m120p0_r0_mean/segmentation/runs/mid_res/2026-07-02_18-52-19,/data04/home/projetos/dac_seg_dlag/mssilva.ppgmc/miniconda3/envs/dac_gpu/bin/python /data04/home/projetos/dac_seg_dlag/mssilva.ppgmc/matheus_codes/coronary-centerline-detection/src/segmentation_pipeline.py --split train --resolution mid --num-batches 5 --artery-method rg --config-file /data04/home/projetos/dac_seg_dlag/mssilva.ppgmc/matheus_codes/coronary-centerline-detection/output/segmentation/analysis/threshold_sweep/fuzzy_threshold_refined_permissive_p10/configs/percentile_p10p5_thfuzzy_objp99p8_densep99p98_m120p0_r0_mean.json --output-dir /data04/home/projetos/dac_seg_dlag/mssilva.ppgmc/matheus_codes/coronary-centerline-detection/output/segmentation/analysis/threshold_sweep/fuzzy_threshold_refined_permissive_p10/pipeline_runs/percentile_p10p5_thfuzzy_objp99p8_densep99p98_m120p0_r0_mean --no-save-cache --gpu --downscale-method opencv --opencv-interpolation linear
percentile_p10p0_thfuzzy_objp99p8_densep99p99_m120p0_r0_mean,0,2232.781013955944,output/segmentation/analysis/threshold_sweep/fuzzy_threshold_refined_permissive_p10/pipeline_runs/percentile_p10p0_thfuzzy_objp99p8_densep99p99_m120p0_r0_mean/segmentation/runs/mid_res/2026-07-02_19-27-21,/data04/home/projetos/dac_seg_dlag/mssilva.ppgmc/miniconda3/envs/dac_gpu/bin/python /data04/home/projetos/dac_seg_dlag/mssilva.ppgmc/matheus_codes/coronary-centerline-detection/src/segmentation_pipeline.py --split train --resolution mid --num-batches 5 --artery-method rg --config-file /data04/home/projetos/dac_seg_dlag/mssilva.ppgmc/matheus_codes/coronary-centerline-detection/output/segmentation/analysis/threshold_sweep/fuzzy_threshold_refined_permissive_p10/configs/percentile_p10p0_thfuzzy_objp99p8_densep99p99_m120p0_r0_mean.json --output-dir /data04/home/projetos/dac_seg_dlag/mssilva.ppgmc/matheus_codes/coronary-centerline-detection/output/segmentation/analysis/threshold_sweep/fuzzy_threshold_refined_permissive_p10/pipeline_runs/percentile_p10p0_thfuzzy_objp99p8_densep99p99_m120p0_r0_mean --no-save-cache --gpu --downscale-method opencv --opencv-interpolation linear
percentile_p10p25_thfuzzy_objp99p8_densep99p99_m120p0_r0_mean,0,2139.9180533100152,output/segmentation/analysis/threshold_sweep/fuzzy_threshold_refined_permissive_p10/pipeline_runs/percentile_p10p25_thfuzzy_objp99p8_densep99p99_m120p0_r0_mean/segmentation/runs/mid_res/2026-07-02_20-04-33,/data04/home/projetos/dac_seg_dlag/mssilva.ppgmc/miniconda3/envs/dac_gpu/bin/python /data04/home/projetos/dac_seg_dlag/mssilva.ppgmc/matheus_codes/coronary-centerline-detection/src/segmentation_pipeline.py --split train --resolution mid --num-batches 5 --artery-method rg --config-file /data04/home/projetos/dac_seg_dlag/mssilva.ppgmc/matheus_codes/coronary-centerline-detection/output/segmentation/analysis/threshold_sweep/fuzzy_threshold_refined_permissive_p10/configs/percentile_p10p25_thfuzzy_objp99p8_densep99p99_m120p0_r0_mean.json --output-dir /data04/home/projetos/dac_seg_dlag/mssilva.ppgmc/matheus_codes/coronary-centerline-detection/output/segmentation/analysis/threshold_sweep/fuzzy_threshold_refined_permissive_p10/pipeline_runs/percentile_p10p25_thfuzzy_objp99p8_densep99p99_m120p0_r0_mean --no-save-cache --gpu --downscale-method opencv --opencv-interpolation linear
percentile_p10p5_thfuzzy_objp99p8_densep99p99_m120p0_r0_mean,0,2059.585351467016,output/segmentation/analysis/threshold_sweep/fuzzy_threshold_refined_permissive_p10/pipeline_runs/percentile_p10p5_thfuzzy_objp99p8_densep99p99_m120p0_r0_mean/segmentation/runs/mid_res/2026-07-02_20-40-13,/data04/home/projetos/dac_seg_dlag/mssilva.ppgmc/miniconda3/envs/dac_gpu/bin/python /data04/home/projetos/dac_seg_dlag/mssilva.ppgmc/matheus_codes/coronary-centerline-detection/src/segmentation_pipeline.py --split train --resolution mid --num-batches 5 --artery-method rg --config-file /data04/home/projetos/dac_seg_dlag/mssilva.ppgmc/matheus_codes/coronary-centerline-detection/output/segmentation/analysis/threshold_sweep/fuzzy_threshold_refined_permissive_p10/configs/percentile_p10p5_thfuzzy_objp99p8_densep99p99_m120p0_r0_mean.json --output-dir /data04/home/projetos/dac_seg_dlag/mssilva.ppgmc/matheus_codes/coronary-centerline-detection/output/segmentation/analysis/threshold_sweep/fuzzy_threshold_refined_permissive_p10/pipeline_runs/percentile_p10p5_thfuzzy_objp99p8_densep99p99_m120p0_r0_mean --no-save-cache --gpu --downscale-method opencv --opencv-interpolation linear
