IMG_ID,cpu_status,gpu_status,status_equal,cpu_left_ostium,gpu_left_ostium,left_distance_voxels_cpu_gpu,left_distance_mm_cpu_gpu,cpu_right_ostium,gpu_right_ostium,right_distance_voxels_cpu_gpu,right_distance_mm_cpu_gpu,cpu_left_dist_to_label_mm,gpu_left_dist_to_label_mm,cpu_right_dist_to_label_mm,gpu_right_dist_to_label_mm,cpu_both_correct,gpu_both_correct,cpu_both_tolerable,gpu_both_tolerable,cpu_artery_dice,gpu_artery_dice,artery_dice_delta_gpu_minus_cpu,cpu_artery_voxels,gpu_artery_voxels,artery_voxel_delta_gpu_minus_cpu
28,both_tolerable,both_tolerable,True,"(103, 144, 181)","(103, 144, 181)",0.0,0.0,"(128, 115, 217)","(128, 115, 217)",0.0,0.0,1.0737001589130926,1.0737001589130926,0.8375058302035873,0.8375058302035873,False,False,True,True,0.6720634531256389,0.6720634531256389,0.0,24733,24733,0
380,both_tolerable,both_tolerable,True,"(93, 121, 123)","(93, 121, 123)",0.0,0.0,"(113, 89, 166)","(113, 89, 167)",1.0,0.5,2.5040646888250135,2.5040646888250135,1.739843048383334,1.345667690480501,False,False,True,True,0.5439360929557008,0.543902042042794,-3.405091290675788e-05,44388,44393,5
854,both_tolerable,both_tolerable,True,"(100, 151, 157)","(100, 151, 157)",0.0,0.0,"(124, 117, 185)","(123, 116, 186)",1.7320508075688772,1.029961908617559,1.2734375,1.2734375,0.63671875,0.0,False,False,True,True,0.6364847350230415,0.6364847350230415,0.0,31176,31176,0
937,both_tolerable,found_but_wrong,False,"(106, 170, 210)","(106, 170, 210)",0.0,0.0,"(115, 129, 227)","(138, 138, 199)",37.33630940518894,22.156495172303593,1.390625,1.390625,2.160392872438078,10.603059262432529,False,False,True,False,0.6901867661747799,0.209125108517411,-0.4810616576573689,29038,7078,-21960
315,both_tolerable,both_correct,False,"(100, 179, 144)","(99, 179, 145)",1.4142135623730951,0.8469358978335152,"(116, 146, 217)","(116, 146, 218)",1.0,0.5,0.0,0.0,0.5,0.0,False,True,True,False,0.6485881542699724,0.6485881542699724,0.0,28865,28865,0
428,both_tolerable,both_tolerable,True,"(98, 165, 111)","(98, 165, 111)",0.0,0.0,"(95, 120, 167)","(95, 120, 167)",0.0,0.0,1.4851354959754515,1.4851354959754515,1.2202077119702048,1.2202077119702048,False,False,True,True,0.4942729012539633,0.4942729012539633,0.0,25976,25976,0
752,both_tolerable,both_tolerable,True,"(94, 176, 209)","(93, 175, 209)",1.4142135623730951,0.9004562916672442,"(117, 132, 234)","(118, 133, 236)",2.449489742783178,1.345667690480501,0.0,0.63671875,0.5,0.0,False,False,True,True,0.5326203409582166,0.5326203409582166,0.0,72187,72187,0
13,both_tolerable,both_tolerable,True,"(112, 176, 170)","(112, 176, 170)",0.0,0.0,"(130, 145, 202)","(131, 145, 202)",1.0,0.6953125,0.0,0.0,1.1031404921008474,0.8564224849081498,False,False,True,True,0.571284599746312,0.571284599746312,0.0,24937,24937,0
538,both_tolerable,both_tolerable,True,"(102, 175, 202)","(102, 174, 202)",1.0,0.63671875,"(127, 139, 218)","(128, 140, 218)",1.4142135623730951,0.9004562916672442,0.0,0.63671875,0.8095744354916121,0.5,False,False,True,True,0.6657587779027769,0.6657587779027769,0.0,25953,25953,0
965,both_tolerable,both_tolerable,True,"(107, 153, 174)","(107, 153, 174)",0.0,0.0,"(117, 129, 202)","(117, 129, 202)",0.0,0.0,1.4820293967437015,1.4820293967437015,5.416547725056293,5.416547725056293,False,False,True,True,0.48715557110100655,0.48715557110100655,0.0,23799,23799,0
447,found_but_wrong,both_tolerable,False,"(119, 184, 169)","(119, 186, 172)",3.605551275463989,2.045443201515261,"(141, 140, 166)","(120, 140, 192)",33.421549934136806,19.55007998555009,0.6953125,0.0,11.388690465010123,0.8564224849081498,False,False,False,True,0.4647450655370353,0.6423128326572721,0.1775677671202368,11670,21742,10072
836,both_tolerable,both_tolerable,True,"(101, 138, 174)","(101, 138, 174)",0.0,0.0,"(126, 105, 209)","(127, 105, 209)",1.0,0.63671875,0.9004562916672442,0.9004562916672442,0.5,0.5,False,False,True,True,0.7512245806738904,0.7512245806738904,0.0,26708,26708,0
603,found_but_wrong,found_but_wrong,True,"(81, 171, 169)","(82, 171, 170)",1.4142135623730951,0.8095744354916121,"(103, 140, 129)","(103, 140, 129)",0.0,0.0,0.0,0.0,27.84537235076125,27.84537235076125,False,False,False,False,0.4364136390004942,0.4364136390004942,0.0,15582,15582,0
676,found_but_wrong,found_but_wrong,True,"(98, 183, 153)","(98, 183, 153)",0.0,0.0,"(98, 161, 185)","(99, 161, 185)",1.0,0.73828125,16.10567765675208,16.10567765675208,0.8916609243998318,0.5,False,False,False,False,0.2641720711053049,0.2641720711053049,0.0,4154,4154,0
44,both_tolerable,both_tolerable,True,"(97, 131, 150)","(98, 131, 150)",1.0,0.58984375,"(110, 91, 177)","(112, 91, 180)",3.605551275463989,1.9083140720689165,0.58984375,0.58984375,0.0,0.0,False,False,True,True,0.3609944872403344,0.3609944872403344,0.0,120315,120315,0
129,both_tolerable,both_tolerable,True,"(97, 158, 167)","(96, 156, 164)",3.7416573867739413,2.243497140391606,"(109, 118, 201)","(109, 118, 202)",1.0,0.5,1.4921875,2.23828125,0.5,0.0,False,False,True,True,0.7165423707479782,0.7165423707479782,0.0,30221,30221,0
518,both_tolerable,both_tolerable,True,"(108, 162, 163)","(108, 161, 165)",2.23606797749979,1.2157477544865392,"(126, 128, 193)","(127, 127, 194)",1.7320508075688772,1.0982191061341653,0.0,0.5,0.8532541254157887,0.0,False,False,True,True,0.6991685415240145,0.6991685415240145,0.0,29108,29108,0
793,both_tolerable,both_tolerable,True,"(97, 148, 141)","(97, 148, 141)",0.0,0.0,"(109, 116, 181)","(111, 115, 182)",2.449489742783178,1.59996108961476,0.8437861682062879,0.8437861682062879,2.7741306352170945,1.3870653176085472,False,False,True,True,0.7032092353721527,0.7032092353721527,0.0,20507,20507,0
550,both_tolerable,both_tolerable,True,"(97, 157, 200)","(97, 157, 200)",0.0,0.0,"(113, 127, 211)","(115, 126, 213)",3.0,1.8485933471916558,0.6953125,0.6953125,1.6331862610496237,0.0,False,False,True,True,0.5430394672955539,0.5430394672955539,0.0,11390,11390,0
631,both_tolerable,both_tolerable,True,"(95, 132, 153)","(95, 132, 153)",0.0,0.0,"(123, 95, 199)","(124, 95, 199)",1.0,0.703125,0.0,0.0,1.113000238656758,0.8627773557674077,False,False,True,True,0.7278096452092628,0.7278096452092628,0.0,25082,25082,0
330,both_tolerable,both_tolerable,True,"(104, 141, 195)","(109, 138, 199)",7.0710678118654755,4.217103990234664,"(119, 113, 222)","(119, 113, 221)",1.0,0.5,0.0,3.0179819966380266,1.9745118129335317,2.0746343451354567,False,False,True,True,0.6172518321506139,0.6176966259486977,0.00044479379808382014,52841,52779,-62
90,both_tolerable,both_tolerable,True,"(88, 156, 157)","(88, 156, 157)",0.0,0.0,"(113, 120, 186)","(114, 120, 187)",1.4142135623730951,0.8281342128025279,1.3203125,1.3203125,0.5,0.0,False,False,True,True,0.6946323618414859,0.6946323618414859,0.0,36045,36045,0
608,both_tolerable,both_tolerable,True,"(92, 126, 142)","(92, 126, 141)",1.0,0.5,"(97, 81, 174)","(97, 80, 174)",1.0,0.63671875,1.3680800657879093,1.2734375,0.0,0.0,False,False,True,True,0.6697490323823535,0.6697490323823535,0.0,34972,34972,0
887,both_tolerable,both_tolerable,True,"(106, 164, 190)","(106, 164, 189)",1.0,0.5,"(128, 128, 208)","(128, 128, 208)",0.0,0.0,0.7890625,0.7890625,0.0,0.0,False,False,True,True,0.5510871109847947,0.5510871109847947,0.0,16564,16564,0
175,both_tolerable,both_tolerable,True,"(98, 197, 169)","(98, 197, 169)",0.0,0.0,"(131, 162, 191)","(132, 162, 192)",1.4142135623730951,0.8095744354916121,0.9004562916672442,0.9004562916672442,0.5,0.0,False,False,True,True,0.46006467752761,0.46006467752761,0.0,41674,41674,0
760,both_tolerable,found_but_wrong,False,"(88, 165, 197)","(108, 126, 227)",53.113086899558006,32.43926115161226,"(107, 127, 225)","(56, 68, 162)",100.25467570143549,60.0961631730762,0.0,0.0,1.0541954870895625,46.52807032453635,False,False,True,False,0.7220396099770737,0.35984335857640587,-0.36219625140066786,37153,34205,-2948
696,found_but_wrong,found_but_wrong,True,"(99, 137, 163)","(99, 137, 163)",0.0,0.0,"(130, 53, 171)","(130, 53, 171)",0.0,0.0,0.0,0.0,29.660088084753095,29.660088084753095,False,False,False,False,0.1741459611809623,0.1741459611809623,0.0,79971,79971,0
194,both_tolerable,both_tolerable,True,"(89, 155, 168)","(90, 156, 168)",1.4142135623730951,0.9004562916672442,"(122, 122, 211)","(123, 122, 212)",1.4142135623730951,0.8095744354916121,0.8095744354916121,0.8095744354916121,1.345667690480501,0.8095744354916121,False,False,True,True,0.7902734612921866,0.7902734612921866,0.0,34126,34126,0
305,both_tolerable,both_tolerable,True,"(98, 161, 177)","(98, 161, 177)",0.0,0.0,"(119, 129, 217)","(119, 129, 218)",1.0,0.5,2.526628207247012,2.526628207247012,0.0,0.0,False,False,True,True,0.6878880598350242,0.6878880598350242,0.0,29707,29707,0
344,both_tolerable,both_tolerable,True,"(97, 162, 176)","(97, 162, 176)",0.0,0.0,"(115, 134, 218)","(114, 134, 219)",1.4142135623730951,0.8564224849081498,2.4154905767902513,2.4154905767902513,0.0,0.0,False,False,True,True,0.7436628975159455,0.7436628975159455,0.0,34847,34847,0
